batch,in_training,n,pca_residual_ratio,pca_residual_mean_ratio,top_sample_share_of_error,silhouette_pca,silhouette_lda
1,True,445,3.150780212356671,1.0575817876775064,0.05762187549171638,0.12576996453431158,0.6048882662533436
2,True,1244,0.9873871274879188,1.6261799723564794,0.21334170947288186,0.0524487685208404,0.7872430466199646
3,True,1586,0.8361984804950129,0.4926911846608129,0.08612626025997983,0.18653535639623678,0.8184080369407399
4,False,161,4.907786177317725,36.95038259229227,0.04801774590399163,0.09552441569181554,0.28034124883694206
5,False,197,2.6335842136452676,1.1324186037716875,0.22077665273982844,0.3377143207120085,0.7077189941032268
6,False,2300,3.662061779587828,0.7511723465607422,0.00447204419911324,0.10922583398817645,0.45078071659043534
7,False,3613,3.757704386430912,0.9493660034700356,0.0021895238005120326,-0.0002345089495482681,0.19097792548548723
8,False,294,2.801166357172045,1.0866589413396488,0.4187962186617915,0.08981558382086645,0.18117345256962492
9,False,470,2.4034062592270335,10.530404376505446,0.954774614250123,0.5555369145534077,0.4267828798273482
10,False,3600,3.3451159553516208,6.127545213306898,0.012629178057926746,-0.09721564388247843,-0.0701698126209457
