model,variant,protocol,train_batches,test_batch,n_train,n_test,accuracy,macro_precision,macro_recall,macro_f1,weighted_f1,n_classes_test
kNN,raw,P1,1-3,4,3275,161,0.7267080745341615,0.8207792207792208,0.7929166666666667,0.7551034959438321,0.7273571992320361,5
kNN,raw,P1,1-3,5,3275,197,0.7563451776649747,0.837883855981417,0.8166459627329192,0.7963850668794847,0.7504661408109461,5
kNN,raw,P1,1-3,6,3275,2300,0.63,0.6286780217681516,0.7053718598720323,0.5866974154755135,0.6630817778745628,6
kNN,raw,P1,1-3,7,3275,3613,0.6205369499031276,0.6151628373296117,0.6245166440607587,0.5905295713553597,0.5753864528368067,6
kNN,raw,P1,1-3,8,3275,294,0.4489795918367347,0.5424123638580216,0.5913655788655788,0.4635570143626002,0.39557485856463215,6
kNN,raw,P1,1-3,9,3275,470,0.6212765957446809,0.6029165257998209,0.6382597730138714,0.5793572352540337,0.558194064064957,6
kNN,raw,P1,1-3,10,3275,3600,0.49944444444444447,0.5033997491919409,0.4994444444444445,0.4890099430684122,0.4890099430684122,6
kNN,raw,P2,1,2,445,1244,0.680064308681672,0.6196243683047906,0.5791912470675741,0.5481189971445659,0.6901645353584598,6
kNN,raw,P2,1,3,445,1586,0.3953341740226986,0.44126818973041476,0.28040427102070936,0.22996338125672988,0.3151409902670642,5
kNN,raw,P2,1,4,445,161,0.3416149068322981,0.28117715617715616,0.3729166666666667,0.3000107552902584,0.23913252237776755,5
kNN,raw,P2,1,5,445,197,0.25380710659898476,0.5143854580474299,0.2766666666666667,0.25739227532330977,0.22422882072803302,5
kNN,raw,P2,1,6,445,2300,0.34,0.2857355228375623,0.3108666759516147,0.2734282189095088,0.25689124023932663,6
kNN,raw,P2,1,7,445,3613,0.31303625795737616,0.27156481372979274,0.3384976982345,0.27685155051808624,0.23546939872826103,6
kNN,raw,P2,1,8,445,294,0.1292517006802721,0.30762103903168775,0.19814814814814816,0.1264535938121731,0.08696015510756397,6
kNN,raw,P2,1,9,445,470,0.3829787234042553,0.3623809523809524,0.39090909090909093,0.30172508274698057,0.3113836153283272,6
kNN,raw,P2,1,10,445,3600,0.4475,0.6377748571213098,0.44749999999999995,0.4127827609418702,0.41278276094187016,6
kNN,raw,P3,1,2,445,1244,0.680064308681672,0.6196243683047906,0.5791912470675741,0.5481189971445659,0.6901645353584598,6
kNN,raw,P3,1-2,3,1689,1586,0.9022698612862547,0.9085220373693795,0.9081457727964576,0.8968696055624411,0.9026873138591832,5
kNN,raw,P3,1-3,4,3275,161,0.7267080745341615,0.8207792207792208,0.7929166666666667,0.7551034959438321,0.7273571992320361,5
kNN,raw,P3,1-4,5,3436,197,0.8324873096446701,0.9061907591319356,0.8804761904761905,0.8696386741244675,0.8285908132304096,5
kNN,raw,P3,1-5,6,3633,2300,0.671304347826087,0.6307769838181696,0.7336993421545547,0.6068292850960944,0.6897629543217755,6
kNN,raw,P3,1-6,7,5933,3613,0.8079158593966234,0.8493573485268541,0.8284320661722412,0.7949446339288787,0.7740662123186092,6
kNN,raw,P3,1-7,8,9546,294,0.9251700680272109,0.9245004311854905,0.901414788914789,0.9046338569351029,0.9223021143349689,6
kNN,raw,P3,1-8,9,9840,470,0.902127659574468,0.9045453794304383,0.9165371921807565,0.9028105758595776,0.9001127252696933,6
kNN,raw,P3,1-9,10,10310,3600,0.6211111111111111,0.6311163880168692,0.6211111111111111,0.6177845671077793,0.6177845671077792,6
kNN,PCA,P1,1-3,4,3275,161,0.7080745341614907,0.8165909090909091,0.7835416666666667,0.7433583665698745,0.7062928002945534,5
kNN,PCA,P1,1-3,5,3275,197,0.766497461928934,0.8540120121665351,0.8265148378191857,0.807093437296946,0.7578487712041901,5
kNN,PCA,P1,1-3,6,3275,2300,0.6152173913043478,0.6288087687467799,0.6953963100590214,0.5798872388651457,0.6539104595136905,6
kNN,PCA,P1,1-3,7,3275,3613,0.6014392471630224,0.6066100773225399,0.6060172106820887,0.5701025969382106,0.5572375038817424,6
kNN,PCA,P1,1-3,8,3275,294,0.41496598639455784,0.5574976844284625,0.5799339549339549,0.4405071969657835,0.33302503192015054,6
kNN,PCA,P1,1-3,9,3275,470,0.5936170212765958,0.5013534152336782,0.6041025641025641,0.5242597113105779,0.5123880241184826,6
kNN,PCA,P1,1-3,10,3275,3600,0.5058333333333334,0.5026669375160594,0.5058333333333332,0.49213957197708513,0.49213957197708513,6
kNN,PCA,P2,1,2,445,1244,0.752411575562701,0.6079628857270485,0.6314686691169284,0.5900466919552574,0.7534043753123647,6
kNN,PCA,P2,1,3,445,1586,0.5674653215636822,0.6135665685141903,0.460634472579678,0.4256555562536678,0.5013271289937137,5
kNN,PCA,P2,1,4,445,161,0.5031055900621118,0.42666666666666664,0.4541666666666667,0.42582650771767633,0.4576811829264996,5
kNN,PCA,P2,1,5,445,197,0.41116751269035534,0.5861042183622829,0.5323809523809524,0.43420012481797376,0.33921660353608685,5
kNN,PCA,P2,1,6,445,2300,0.3491304347826087,0.28416049694400575,0.3510211388687236,0.30135699902505103,0.26304338360603613,6
kNN,PCA,P2,1,7,445,3613,0.33019651259341265,0.2647968393485892,0.36700028732198836,0.2916904767186548,0.2438598611676884,6
kNN,PCA,P2,1,8,445,294,0.12585034013605442,0.2903169332249029,0.19814814814814816,0.1206410552139051,0.07911309383546165,6
kNN,PCA,P2,1,9,445,470,0.3446808510638298,0.3452948747066394,0.33636363636363636,0.2125746021667698,0.24373370919851445,6
kNN,PCA,P2,1,10,445,3600,0.4525,0.6276577904802817,0.45249999999999996,0.41833244508452877,0.4183324450845287,6
kNN,PCA,P3,1,2,445,1244,0.752411575562701,0.6079628857270485,0.6314686691169284,0.5900466919552574,0.7534043753123647,6
kNN,PCA,P3,1-2,3,1689,1586,0.8745271122320303,0.879304874139752,0.8767490890641575,0.8691157684390717,0.8739688642517899,5
kNN,PCA,P3,1-3,4,3275,161,0.7080745341614907,0.8165909090909091,0.7835416666666667,0.7433583665698745,0.7062928002945534,5
kNN,PCA,P3,1-4,5,3436,197,0.7918781725888325,0.8934204793028322,0.8482539682539683,0.8345781641241665,0.7823626355595447,5
kNN,PCA,P3,1-5,6,3633,2300,0.6543478260869565,0.6268525494098937,0.7213980147455491,0.5971037620710123,0.6773379049556769,6
kNN,PCA,P3,1-6,7,5933,3613,0.7484085247716579,0.8127061946801915,0.7742362649912912,0.7374274627989976,0.7122249107077443,6
kNN,PCA,P3,1-7,8,9546,294,0.6598639455782312,0.7969948545606441,0.7985269360269361,0.7370575607580488,0.70841763887821,6
kNN,PCA,P3,1-8,9,9840,470,0.9361702127659575,0.9356039928588594,0.9427426588812727,0.9375950476126933,0.9357974069774828,6
kNN,PCA,P3,1-9,10,10310,3600,0.5763888888888888,0.5813998106970133,0.5763888888888888,0.567381164528399,0.5673811645283989,6
kNN,LDA,P1,1-3,4,3275,161,0.8074534161490683,0.8221407270045015,0.8585513565891472,0.8271725134491803,0.8187133179293569,5
kNN,LDA,P1,1-3,5,3275,197,0.9847715736040609,0.983440860215054,0.9836507936507937,0.983175243147657,0.9848206205370569,5
kNN,LDA,P1,1-3,6,3275,2300,0.7186956521739131,0.7187200900465801,0.7687096418786826,0.632999968473233,0.7179757324677231,6
kNN,LDA,P1,1-3,7,3275,3613,0.6374204262385829,0.6750201081464876,0.6420913835968255,0.6354609720023612,0.6196696790447356,6
kNN,LDA,P1,1-3,8,3275,294,0.46938775510204084,0.4530234278396043,0.4856772856772856,0.41553864902576065,0.48712942587908203,6
kNN,LDA,P1,1-3,9,3275,470,0.502127659574468,0.5061249370693477,0.49572541302049494,0.4279732810507905,0.4557498650399086,6
kNN,LDA,P1,1-3,10,3275,3600,0.3572222222222222,0.5360381662824192,0.3572222222222223,0.3492856182505461,0.34928561825054605,6
kNN,LDA,P2,1,2,445,1244,0.4003215434083601,0.36967106517185927,0.6016195740663759,0.3537931030691824,0.3489897534624129,6
kNN,LDA,P2,1,3,445,1586,0.17969735182849936,0.4360394968675479,0.23267308816428192,0.2388944898297142,0.19594342411068155,5
kNN,LDA,P2,1,4,445,161,0.11180124223602485,0.23399999999999999,0.23645833333333335,0.10476190476190475,0.07867494824016563,5
kNN,LDA,P2,1,5,445,197,0.19289340101522842,0.227027027027027,0.2782608695652174,0.16011904761904763,0.15551728305535412,5
kNN,LDA,P2,1,6,445,2300,0.0791304347826087,0.11631849065017592,0.2670083970979338,0.0804221383099422,0.05393071647300829,6
kNN,LDA,P2,1,7,445,3613,0.22474398007196236,0.18249826357900834,0.2683016005032222,0.20741018060393698,0.18449087337282977,6
kNN,LDA,P2,1,8,445,294,0.24489795918367346,0.28462955902910153,0.36393097643097644,0.285271040171254,0.19987805161158181,6
kNN,LDA,P2,1,9,445,470,0.32127659574468087,0.21753751005352637,0.3163636363636364,0.24281342428749722,0.26838651663812985,6
kNN,LDA,P2,1,10,445,3600,0.32555555555555554,0.3875256144599433,0.32555555555555554,0.3093464089862384,0.30934640898623833,6
kNN,LDA,P3,1,2,445,1244,0.4003215434083601,0.36967106517185927,0.6016195740663759,0.3537931030691824,0.3489897534624129,6
kNN,LDA,P3,1-2,3,1689,1586,0.7843631778058008,0.883712528890662,0.8046446277140994,0.791804469027187,0.7495794074875418,5
kNN,LDA,P3,1-3,4,3275,161,0.8074534161490683,0.8221407270045015,0.8585513565891472,0.8271725134491803,0.8187133179293569,5
kNN,LDA,P3,1-4,5,3436,197,0.9898477157360406,0.9925700776764605,0.9868253968253968,0.9895466540627831,0.9898099280774899,5
kNN,LDA,P3,1-5,6,3633,2300,0.7308695652173913,0.662231360197104,0.7781487328626651,0.6414333047112736,0.7318985576062844,6
kNN,LDA,P3,1-6,7,5933,3613,0.9147522834209798,0.9330639204466403,0.917392604461806,0.917869275994306,0.9133076268995358,6
kNN,LDA,P3,1-7,8,9546,294,0.9183673469387755,0.9255746069471561,0.8611531986531987,0.8840826824750101,0.9176640004681563,6
kNN,LDA,P3,1-8,9,9840,470,0.9446808510638298,0.9454486534643086,0.9474173571203274,0.9458371717382312,0.9443374255088055,6
kNN,LDA,P3,1-9,10,10310,3600,0.6761111111111111,0.7429623303118836,0.6761111111111111,0.6633048427613084,0.6633048427613083,6
SVM,raw,P1,1-3,4,3275,161,0.8757763975155279,0.9367441860465118,0.8909108527131782,0.9045080973664351,0.8727770477242239,5
SVM,raw,P1,1-3,5,3275,197,0.9543147208121827,0.954093361482524,0.9566666666666667,0.9545638490346157,0.9541023842745371,5
SVM,raw,P1,1-3,6,3275,2300,0.6969565217391305,0.6368197465758442,0.7556233695198041,0.6214286733662086,0.7057570105239612,6
SVM,raw,P1,1-3,7,3275,3613,0.6844727373373928,0.6620957152405974,0.6844195527456277,0.6482798604335648,0.6370770111933547,6
SVM,raw,P1,1-3,8,3275,294,0.5510204081632653,0.6084889974720483,0.6536810411810411,0.543149985563094,0.5457776655516333,6
SVM,raw,P1,1-3,9,3275,470,0.7425531914893617,0.7128403803086991,0.7898290598290597,0.7235897224622257,0.6923879689908639,6
SVM,raw,P1,1-3,10,3275,3600,0.43083333333333335,0.5228412012070439,0.43083333333333335,0.43105745769353226,0.4310574576935322,6
SVM,raw,P2,1,2,445,1244,0.7620578778135049,0.6055796055796057,0.731976822075636,0.6357642420262143,0.7600522186102455,6
SVM,raw,P2,1,3,445,1586,0.4943253467843632,0.476519104315571,0.38432774393831143,0.36532908142667936,0.4661144046551017,5
SVM,raw,P2,1,4,445,161,0.33540372670807456,0.21549261195726302,0.36216085271317827,0.2274048886260595,0.2807279250887355,5
SVM,raw,P2,1,5,445,197,0.23857868020304568,0.2388916459884202,0.2907142857142857,0.23661717138272675,0.2092128689375862,5
SVM,raw,P2,1,6,445,2300,0.3373913043478261,0.24540035712402894,0.3431136292766738,0.28059573537017146,0.25370394827648834,6
SVM,raw,P2,1,7,445,3613,0.332964295599225,0.22665272916644721,0.36137932571313697,0.2670042233589211,0.23449112689624954,6
SVM,raw,P2,1,8,445,294,0.25510204081632654,0.32049180327868854,0.3791666666666667,0.28506777893639207,0.20077036028175607,6
SVM,raw,P2,1,9,445,470,0.3425531914893617,0.1926433132443679,0.3333333333333333,0.2132345266673625,0.24861661044576255,6
SVM,raw,P2,1,10,445,3600,0.4141666666666667,0.4708072416863646,0.4141666666666666,0.33716236224524376,0.33716236224524376,6
SVM,raw,P3,1,2,445,1244,0.7620578778135049,0.6055796055796057,0.731976822075636,0.6357642420262143,0.7600522186102455,6
SVM,raw,P3,1-2,3,1689,1586,0.8827238335435057,0.8835652100226543,0.8812683714415612,0.877961562475025,0.8850169709885438,5
SVM,raw,P3,1-3,4,3275,161,0.8757763975155279,0.9367441860465118,0.8909108527131782,0.9045080973664351,0.8727770477242239,5
SVM,raw,P3,1-4,5,3436,197,0.9695431472081218,0.9689219974485148,0.9741269841269842,0.9706109186236646,0.969473942201153,5
SVM,raw,P3,1-5,6,3633,2300,0.7239130434782609,0.6341958798786684,0.7727735281154303,0.6315327834669174,0.7184913872245032,6
SVM,raw,P3,1-6,7,5933,3613,0.8580127318018267,0.892039062521436,0.869959842688148,0.8588295937241011,0.8454895479403903,6
SVM,raw,P3,1-7,8,9546,294,0.9081632653061225,0.9151172665878547,0.8593272468272469,0.8782163241077908,0.9044778505804676,6
SVM,raw,P3,1-8,9,9840,470,0.7702127659574468,0.7207209696433834,0.817695109990192,0.7502761806869082,0.7055207393241126,6
SVM,raw,P3,1-9,10,10310,3600,0.6677777777777778,0.7159019673310475,0.6677777777777778,0.6697334904269336,0.6697334904269338,6
SVM,PCA,P1,1-3,4,3275,161,0.8074534161490683,0.8592346029320819,0.8470833333333333,0.8274516127500917,0.807093761162587,5
SVM,PCA,P1,1-3,5,3275,197,0.9441624365482234,0.9484086645062254,0.9542857142857143,0.9494155051194934,0.9436903972714078,5
SVM,PCA,P1,1-3,6,3275,2300,0.6160869565217392,0.6203839557829992,0.6968873402748564,0.580303864520577,0.6536807822752194,6
SVM,PCA,P1,1-3,7,3275,3613,0.5989482424577913,0.6207663033333133,0.6028605168399543,0.5859870354705294,0.5690335974699388,6
SVM,PCA,P1,1-3,8,3275,294,0.5306122448979592,0.603679638718002,0.6544580419580419,0.5298475477667187,0.5112592727627265,6
SVM,PCA,P1,1-3,9,3275,470,0.7170212765957447,0.6696877986130292,0.764102564102564,0.694906453944261,0.6547908660285522,6
SVM,PCA,P1,1-3,10,3275,3600,0.44472222222222224,0.5126127932042723,0.4447222222222222,0.4497716128609887,0.4497716128609887,6
SVM,PCA,P2,1,2,445,1244,0.7765273311897106,0.6513628009843316,0.749792145033242,0.6620872979663235,0.7744865692116198,6
SVM,PCA,P2,1,3,445,1586,0.6034047919293821,0.6736787746940032,0.4955538376966948,0.47109169002887785,0.5540081783137157,5
SVM,PCA,P2,1,4,445,161,0.6956521739130435,0.4871221532091098,0.5434108527131782,0.5040839886129428,0.5969041292779597,5
SVM,PCA,P2,1,5,445,197,0.3197969543147208,0.22418918918918918,0.375,0.24139264990328818,0.22692417205863577,5
SVM,PCA,P2,1,6,445,2300,0.42434782608695654,0.32916863114882916,0.383739796314533,0.3276350357222333,0.32217030516286266,6
SVM,PCA,P2,1,7,445,3613,0.3321339606974813,0.29706359127130594,0.32568193498988723,0.24050234405407425,0.22735419772064708,6
SVM,PCA,P2,1,8,445,294,0.11224489795918367,0.10069444444444443,0.18333333333333335,0.05922431865828093,0.03625978693364139,6
SVM,PCA,P2,1,9,445,470,0.20212765957446807,0.18998470948012233,0.22333333333333336,0.1254892539315495,0.13983002492567345,6
SVM,PCA,P2,1,10,445,3600,0.39055555555555554,0.498491871441422,0.39055555555555554,0.3459217702058633,0.3459217702058633,6
SVM,PCA,P3,1,2,445,1244,0.7765273311897106,0.6513628009843316,0.749792145033242,0.6620872979663235,0.7744865692116198,6
SVM,PCA,P3,1-2,3,1689,1586,0.862547288776797,0.8667209857633302,0.8620294064491716,0.8593246657151863,0.862463192912477,5
SVM,PCA,P3,1-3,4,3275,161,0.8074534161490683,0.8592346029320819,0.8470833333333333,0.8274516127500917,0.807093761162587,5
SVM,PCA,P3,1-4,5,3436,197,0.9593908629441624,0.9611363893604981,0.9677777777777777,0.9630356366797045,0.959120730999764,5
SVM,PCA,P3,1-5,6,3633,2300,0.7139130434782609,0.6325837739027583,0.7656602681513016,0.6268283938749888,0.7128361020273967,6
SVM,PCA,P3,1-6,7,5933,3613,0.7760863548297814,0.8256517361247685,0.7996812415712915,0.7637116584978917,0.7404330460880515,6
SVM,PCA,P3,1-7,8,9546,294,0.5714285714285714,0.7566203703703703,0.7087315462315461,0.6830138389077076,0.6250102781823609,6
SVM,PCA,P3,1-8,9,9840,470,0.7404255319148936,0.7221752522147069,0.7873766607429974,0.7344050442872071,0.6921194559773622,6
SVM,PCA,P3,1-9,10,10310,3600,0.6219444444444444,0.6734366149747948,0.6219444444444444,0.621354555280276,0.621354555280276,6
SVM,LDA,P1,1-3,4,3275,161,0.782608695652174,0.8148611119031463,0.8460513565891471,0.7820787498740992,0.8147835029163305,5
SVM,LDA,P1,1-3,5,3275,197,0.9949238578680203,0.996875,0.99,0.9932969917221885,0.9948787639342818,5
SVM,LDA,P1,1-3,6,3275,2300,0.7473913043478261,0.6856781525105036,0.783704670394613,0.646539908395568,0.738860458155109,6
SVM,LDA,P1,1-3,7,3275,3613,0.6695267091060061,0.6502331398207075,0.6737921002717367,0.6428826803038575,0.6290402685521647,6
SVM,LDA,P1,1-3,8,3275,294,0.5408163265306123,0.4356060606060606,0.5107128982128982,0.42372393737726166,0.5346528577186512,6
SVM,LDA,P1,1-3,9,3275,470,0.49361702127659574,0.6340218451612699,0.48700466200466197,0.40446886518231623,0.4338538411959798,6
SVM,LDA,P1,1-3,10,3275,3600,0.43027777777777776,0.5613104879367835,0.43027777777777776,0.40675751046753367,0.4067575104675336,6
SVM,LDA,P2,1,2,445,1244,0.3183279742765273,0.2455074186023092,0.48137648164706254,0.21562028501129674,0.2242674295307401,6
SVM,LDA,P2,1,3,445,1586,0.22068095838587642,0.27959208476025543,0.25656898874120004,0.15095903332697497,0.14989813855623493,5
SVM,LDA,P2,1,4,445,161,0.07453416149068323,0.017518248175182483,0.2,0.03221476510067114,0.012005502521989245,5
SVM,LDA,P2,1,5,445,197,0.10152284263959391,0.022857142857142857,0.2,0.041025641025641026,0.020825198490173107,5
SVM,LDA,P2,1,6,445,2300,0.17130434782608694,0.08418614949963123,0.2479041283919333,0.10366586138508432,0.12043474354544964,6
SVM,LDA,P2,1,7,445,3613,0.1713257680597841,0.19214048865146893,0.22615862261554262,0.1343585708609411,0.11421795683830267,6
SVM,LDA,P2,1,8,445,294,0.24149659863945577,0.19742458946551425,0.34381313131313135,0.2345661776543508,0.17092393737258244,6
SVM,LDA,P2,1,9,445,470,0.3148936170212766,0.19751048022669068,0.3113131313131313,0.22529634404121687,0.2512289930430017,6
SVM,LDA,P2,1,10,445,3600,0.2847222222222222,0.3266979826632755,0.2847222222222222,0.2169793869314126,0.21697938693141264,6
SVM,LDA,P3,1,2,445,1244,0.3183279742765273,0.2455074186023092,0.48137648164706254,0.21562028501129674,0.2242674295307401,6
SVM,LDA,P3,1-2,3,1689,1586,0.725094577553594,0.8277915023749156,0.7644965816961904,0.7379105079189803,0.6974016527236685,5
SVM,LDA,P3,1-3,4,3275,161,0.782608695652174,0.8148611119031463,0.8460513565891471,0.7820787498740992,0.8147835029163305,5
SVM,LDA,P3,1-4,5,3436,197,0.9949238578680203,0.996875,0.99,0.9932969917221885,0.9948787639342818,5
SVM,LDA,P3,1-5,6,3633,2300,0.7430434782608696,0.684483745376709,0.7865628838399856,0.6439639863015335,0.7413368368061649,6
SVM,LDA,P3,1-6,7,5933,3613,0.9036811513977304,0.9281923129202654,0.9071211790154602,0.9079722458278722,0.9022643176953601,6
SVM,LDA,P3,1-7,8,9546,294,0.9081632653061225,0.9110695094734808,0.8463383838383839,0.8663493000348425,0.9044952913800559,6
SVM,LDA,P3,1-8,9,9840,470,0.9638297872340426,0.9628522794496946,0.963985013886004,0.9624950290001325,0.9634544326802139,6
SVM,LDA,P3,1-9,10,10310,3600,0.7147222222222223,0.7429683614892925,0.7147222222222221,0.6927646712009286,0.6927646712009286,6
Decision Tree,raw,P1,1-3,4,3275,161,0.6583850931677019,0.7145068145068145,0.723125,0.6601607464910217,0.6289864813199476,5
Decision Tree,raw,P1,1-3,5,3275,197,0.7309644670050761,0.6972222222222222,0.740855762594893,0.6806265348906859,0.685272620301832,5
Decision Tree,raw,P1,1-3,6,3275,2300,0.6369565217391304,0.5704593271070814,0.6152023120644415,0.5525583945826956,0.6327953265818714,6
Decision Tree,raw,P1,1-3,7,3275,3613,0.3678383614724606,0.32889282956336485,0.3881257124637729,0.3017513612181991,0.3052217259597638,6
Decision Tree,raw,P1,1-3,8,3275,294,0.20748299319727892,0.12747200117889773,0.29444444444444445,0.17274392721612705,0.1185667101403259,6
Decision Tree,raw,P1,1-3,9,3275,470,0.3446808510638298,0.17399897387851615,0.33666169895678094,0.2109346314654917,0.2375368652951,6
Decision Tree,raw,P1,1-3,10,3275,3600,0.31027777777777776,0.3116113297163405,0.31027777777777776,0.2803840934037039,0.28038409340370385,6
Decision Tree,raw,P2,1,2,445,1244,0.7733118971061094,0.6266846679493849,0.7300153669514047,0.6481147897078443,0.7943740083575286,6
Decision Tree,raw,P2,1,3,445,1586,0.6084489281210592,0.5970255763321459,0.5693601413444858,0.5619820778825995,0.6106681532702407,5
Decision Tree,raw,P2,1,4,445,161,0.43478260869565216,0.51177183600713,0.5236821705426358,0.4586689890003324,0.4253850213013673,5
Decision Tree,raw,P2,1,5,445,197,0.4467005076142132,0.6867798230934736,0.5432505175983436,0.5184703172071592,0.42600024647580087,5
Decision Tree,raw,P2,1,6,445,2300,0.4360869565217391,0.3254588194041281,0.4572001195171436,0.3554618510783249,0.38089807253919544,6
Decision Tree,raw,P2,1,7,445,3613,0.21644063105452532,0.16307204061350578,0.25360701773980454,0.1674676810317998,0.16390760673764054,6
Decision Tree,raw,P2,1,8,445,294,0.23129251700680273,0.07855547282204021,0.32222222222222224,0.12540296582849775,0.09223805576389163,6
Decision Tree,raw,P2,1,9,445,470,0.44468085106382976,0.29365185524896603,0.47878787878787876,0.34581109609866817,0.31774470523238785,6
Decision Tree,raw,P2,1,10,445,3600,0.3194444444444444,0.43956233854908683,0.3194444444444444,0.3024914720963252,0.3024914720963252,6
Decision Tree,raw,P3,1,2,445,1244,0.7733118971061094,0.6266846679493849,0.7300153669514047,0.6481147897078443,0.7943740083575286,6
Decision Tree,raw,P3,1-2,3,1689,1586,0.8524590163934426,0.8593244043171235,0.851369427195259,0.849523994233285,0.8604498382623391,5
Decision Tree,raw,P3,1-3,4,3275,161,0.6583850931677019,0.7145068145068145,0.723125,0.6601607464910217,0.6289864813199476,5
Decision Tree,raw,P3,1-4,5,3436,197,0.8883248730964467,0.9018826017979904,0.8404140786749481,0.8582542694497153,0.885473757212071,5
Decision Tree,raw,P3,1-5,6,3633,2300,0.5443478260869565,0.6214474868883957,0.5890537552149082,0.5246655987596194,0.6091183760327769,6
Decision Tree,raw,P3,1-6,7,5933,3613,0.6886244118461112,0.680185231240766,0.6902855797683006,0.6675633284852207,0.6739929875477569,6
Decision Tree,raw,P3,1-7,8,9546,294,0.6632653061224489,0.5753742784992785,0.5755180005180005,0.5348497733414771,0.6458194304395691,6
Decision Tree,raw,P3,1-8,9,9840,470,0.7574468085106383,0.8002850224548338,0.7902421011331904,0.7630979434958197,0.7411442278345002,6
Decision Tree,raw,P3,1-9,10,10310,3600,0.3913888888888889,0.45052102775684344,0.39138888888888884,0.4055134916629199,0.40551349166291983,6
Decision Tree,PCA,P1,1-3,4,3275,161,0.6459627329192547,0.75750285104661,0.7425872093023256,0.6883919332699822,0.6808256128056158,5
Decision Tree,PCA,P1,1-3,5,3275,197,0.8426395939086294,0.8506947032925478,0.8372705314009663,0.8376888235578163,0.8506981354862689,5
Decision Tree,PCA,P1,1-3,6,3275,2300,0.6434782608695652,0.7244909355675149,0.6323894341147731,0.5338698159509828,0.6205622520294293,6
Decision Tree,PCA,P1,1-3,7,3275,3613,0.4090783282590645,0.40974415864240105,0.39783734362029005,0.3781116462179579,0.37623163688189104,6
Decision Tree,PCA,P1,1-3,8,3275,294,0.6190476190476191,0.4266982271050497,0.4985431235431235,0.43683505183465837,0.6083497279078054,6
Decision Tree,PCA,P1,1-3,9,3275,470,0.46170212765957447,0.4075663832960914,0.4869987389659521,0.4133181934902772,0.41141883951747255,6
Decision Tree,PCA,P1,1-3,10,3275,3600,0.38861111111111113,0.36479316636892617,0.3886111111111112,0.3427728478898357,0.3427728478898357,6
Decision Tree,PCA,P2,1,2,445,1244,0.8030546623794212,0.5854407357168019,0.7353498120209242,0.5900275159810775,0.7993336298840604,6
Decision Tree,PCA,P2,1,3,445,1586,0.6544766708701135,0.6291389991303113,0.6288638928658498,0.5484672975719526,0.6059599264638031,5
Decision Tree,PCA,P2,1,4,445,161,0.32298136645962733,0.40888888888888886,0.3948158914728682,0.2998538476557052,0.3258932566780191,5
Decision Tree,PCA,P2,1,5,445,197,0.2639593908629442,0.4534110334110334,0.35992063492063486,0.2591331031837361,0.22269733950001247,5
Decision Tree,PCA,P2,1,6,445,2300,0.4965217391304348,0.5150164012617799,0.4823070340480727,0.373671163504004,0.4343661893212143,6
Decision Tree,PCA,P2,1,7,445,3613,0.32604483808469414,0.3782245303509573,0.3736047451637088,0.2462252698589329,0.24006885021666266,6
Decision Tree,PCA,P2,1,8,445,294,0.1326530612244898,0.03939492182319221,0.16898148148148148,0.06163459608036955,0.04714862068300095,6
Decision Tree,PCA,P2,1,9,445,470,0.274468085106383,0.2357442348008386,0.23041894353369763,0.1740671609092662,0.19333801696623645,6
Decision Tree,PCA,P2,1,10,445,3600,0.3113888888888889,0.3914552094208134,0.3113888888888889,0.2728147323601653,0.2728147323601653,6
Decision Tree,PCA,P3,1,2,445,1244,0.8030546623794212,0.5854407357168019,0.7353498120209242,0.5900275159810775,0.7993336298840604,6
Decision Tree,PCA,P3,1-2,3,1689,1586,0.9319041614123581,0.9220940867163586,0.9184788886912175,0.9168824998544196,0.9314661561360533,5
Decision Tree,PCA,P3,1-3,4,3275,161,0.6459627329192547,0.75750285104661,0.7425872093023256,0.6883919332699822,0.6808256128056158,5
Decision Tree,PCA,P3,1-4,5,3436,197,0.9289340101522843,0.9444661317140172,0.9163492063492065,0.9256748699791781,0.9284337831227484,5
Decision Tree,PCA,P3,1-5,6,3633,2300,0.5430434782608695,0.4413772451800542,0.5060730645495454,0.4081314641910534,0.4885061115896111,6
Decision Tree,PCA,P3,1-6,7,5933,3613,0.6545806808746194,0.6767846244510424,0.6445674170452697,0.623130102938187,0.6243057749901206,6
Decision Tree,PCA,P3,1-7,8,9546,294,0.5340136054421769,0.6103417755991285,0.5259421134421135,0.48155697225464666,0.565208452061798,6
Decision Tree,PCA,P3,1-8,9,9840,470,0.723404255319149,0.7519251049820057,0.7664643601812893,0.7006039118326118,0.6737314799601979,6
Decision Tree,PCA,P3,1-9,10,10310,3600,0.4736111111111111,0.5381774297534799,0.47361111111111115,0.48890329773376107,0.488903297733761,6
Decision Tree,LDA,P1,1-3,4,3275,161,0.8322981366459627,0.8239266723638607,0.8679990310077519,0.8328657067191674,0.8350298655203592,5
Decision Tree,LDA,P1,1-3,5,3275,197,0.9593908629441624,0.9662209139332771,0.9580158730158731,0.9617904465144516,0.9644090459140342,5
Decision Tree,LDA,P1,1-3,6,3275,2300,0.5934782608695652,0.6527991919043942,0.6789624889900407,0.5547670962375416,0.5995609730397125,6
Decision Tree,LDA,P1,1-3,7,3275,3613,0.5909216717409355,0.6791700399584296,0.5852303512021868,0.586243747524874,0.5812341337776371,6
Decision Tree,LDA,P1,1-3,8,3275,294,0.36054421768707484,0.4012729698279305,0.36873219373219374,0.34565826375270325,0.4015213130329428,6
Decision Tree,LDA,P1,1-3,9,3275,470,0.4595744680851064,0.332192602074568,0.4520996216897856,0.3424956290035655,0.3723987742528776,6
Decision Tree,LDA,P1,1-3,10,3275,3600,0.3527777777777778,0.5442288241969747,0.3527777777777778,0.34515055004201334,0.34515055004201334,6
Decision Tree,LDA,P2,1,2,445,1244,0.6615755627009646,0.40048134596973606,0.598979226582595,0.41331209087468057,0.6487773013028059,6
Decision Tree,LDA,P2,1,3,445,1586,0.1128625472887768,0.34508093314881017,0.15156034673451504,0.17965830997440194,0.13686754878812538,5
Decision Tree,LDA,P2,1,4,445,161,0.16149068322981366,0.16666666666666666,0.24375,0.16086956521739132,0.15825006751282744,5
Decision Tree,LDA,P2,1,5,445,197,0.16243654822335024,0.19878048780487806,0.2857142857142857,0.18752228163992868,0.11733941384583366,5
Decision Tree,LDA,P2,1,6,445,2300,0.1408695652173913,0.2647975566789589,0.23086674844959357,0.15719105564701324,0.10886870978339883,6
Decision Tree,LDA,P2,1,7,445,3613,0.24716302241904234,0.33695021494654687,0.3053808861882426,0.25769231251835084,0.21150075089595394,6
Decision Tree,LDA,P2,1,8,445,294,0.24489795918367346,0.4883410282170823,0.268965293965294,0.2975984483319844,0.32301329468086837,6
Decision Tree,LDA,P2,1,9,445,470,0.3702127659574468,0.4463274970958384,0.32737666074299737,0.36836995439220116,0.41023865422564254,6
Decision Tree,LDA,P2,1,10,445,3600,0.43027777777777776,0.5076669403749895,0.43027777777777776,0.40625400200791945,0.40625400200791945,6
Decision Tree,LDA,P3,1,2,445,1244,0.6615755627009646,0.40048134596973606,0.598979226582595,0.41331209087468057,0.6487773013028059,6
Decision Tree,LDA,P3,1-2,3,1689,1586,0.7824716267339218,0.895764724976144,0.7979795857183332,0.7991369964474967,0.7689706010050453,5
Decision Tree,LDA,P3,1-3,4,3275,161,0.8322981366459627,0.8239266723638607,0.8679990310077519,0.8328657067191674,0.8350298655203592,5
Decision Tree,LDA,P3,1-4,5,3436,197,0.9847715736040609,0.996875,0.9757142857142856,0.9858895843147811,0.9896146165381545,5
Decision Tree,LDA,P3,1-5,6,3633,2300,0.7317391304347826,0.7267783582850053,0.7744164723574469,0.6455698164301023,0.7372784607207102,6
Decision Tree,LDA,P3,1-6,7,5933,3613,0.844173816772765,0.8727644033886524,0.8514125279803292,0.8494955216268348,0.8410804264091137,6
Decision Tree,LDA,P3,1-7,8,9546,294,0.8707482993197279,0.8162492445364696,0.7785774410774411,0.7924283708048163,0.8690930549157206,6
Decision Tree,LDA,P3,1-8,9,9840,470,0.9148936170212766,0.9106710388463176,0.9110692166316253,0.9073889497531509,0.9119806111794287,6
Decision Tree,LDA,P3,1-9,10,10310,3600,0.6455555555555555,0.6841219493767313,0.6455555555555555,0.6485778561008061,0.6485778561008061,6
Random Forest,raw,P1,1-3,4,3275,161,0.84472049689441,0.9171241830065359,0.8168749999999999,0.8284515261025328,0.8159025829729067,5
Random Forest,raw,P1,1-3,5,3275,197,0.7563451776649747,0.7767213114754098,0.7722153209109731,0.7213261648745519,0.7256842915103927,5
Random Forest,raw,P1,1-3,6,3275,2300,0.6765217391304348,0.6180180986322096,0.7368960579269467,0.6043642943979838,0.6843937301141042,6
Random Forest,raw,P1,1-3,7,3275,3613,0.5646277331857182,0.5319948464960894,0.5735071731035343,0.5196003095463823,0.5286497254860035,6
Random Forest,raw,P1,1-3,8,3275,294,0.29591836734693877,0.24892115345835852,0.23448912198912197,0.17533981945746654,0.30374152432975965,6
Random Forest,raw,P1,1-3,9,3275,470,0.5255319148936171,0.47488296204049624,0.5195726495726496,0.45325020652826925,0.4385967880375133,6
Random Forest,raw,P1,1-3,10,3275,3600,0.3486111111111111,0.35375484366209653,0.34861111111111115,0.3212604134121964,0.32126041341219636,6
Random Forest,raw,P2,1,2,445,1244,0.7548231511254019,0.6863453630252049,0.7483601474842357,0.697708480291482,0.7619667733872066,6
Random Forest,raw,P2,1,3,445,1586,0.712484237074401,0.65629125717827,0.6472567008261725,0.6113270053492772,0.6640739428494652,5
Random Forest,raw,P2,1,4,445,161,0.6273291925465838,0.5644302099586651,0.591812015503876,0.5348330596606459,0.5830360330039063,5
Random Forest,raw,P2,1,5,445,197,0.4263959390862944,0.4405797101449275,0.5599999999999999,0.4452476572958501,0.34123634979851725,5
Random Forest,raw,P2,1,6,445,2300,0.4860869565217391,0.3568803850906985,0.45962411572167666,0.3769212219109168,0.38000804026623075,6
Random Forest,raw,P2,1,7,445,3613,0.39164129532244674,0.23846060959397672,0.42096591264687433,0.28859375312330476,0.26649539612708023,6
Random Forest,raw,P2,1,8,445,294,0.25510204081632654,0.2247306340817791,0.36111111111111116,0.18399808977058552,0.12856468956396194,6
Random Forest,raw,P2,1,9,445,470,0.39361702127659576,0.3006705143439145,0.40606060606060607,0.2845113598055886,0.27481289075920756,6
Random Forest,raw,P2,1,10,445,3600,0.33694444444444444,0.33831505774788934,0.33694444444444444,0.2656049612292544,0.2656049612292544,6
Random Forest,raw,P3,1,2,445,1244,0.7548231511254019,0.6863453630252049,0.7483601474842357,0.697708480291482,0.7619667733872066,6
Random Forest,raw,P3,1-2,3,1689,1586,0.9287515762925599,0.9261928483060355,0.9215681241640146,0.9229940758091801,0.9295510548255339,5
Random Forest,raw,P3,1-3,4,3275,161,0.84472049689441,0.9171241830065359,0.8168749999999999,0.8284515261025328,0.8159025829729067,5
Random Forest,raw,P3,1-4,5,3436,197,0.9187817258883249,0.9202802087185177,0.9113457556935817,0.9092049527533398,0.9197203738713481,5
Random Forest,raw,P3,1-5,6,3633,2300,0.7139130434782609,0.6344105474786773,0.7662284075043169,0.6269307321232948,0.7136770432342068,6
Random Forest,raw,P3,1-6,7,5933,3613,0.737890949349571,0.7570874908725552,0.7431879603552876,0.7036325552051409,0.6978322229570537,6
Random Forest,raw,P3,1-7,8,9546,294,0.8605442176870748,0.8779397556123899,0.7298530173530172,0.723765743564934,0.840045201575919,6
Random Forest,raw,P3,1-8,9,9840,470,0.951063829787234,0.9536608592178699,0.9591859185918592,0.9539164941338854,0.9500548433989692,6
Random Forest,raw,P3,1-9,10,10310,3600,0.6002777777777778,0.6318597740520825,0.6002777777777778,0.600293787649678,0.600293787649678,6
Random Forest,PCA,P1,1-3,4,3275,161,0.7391304347826086,0.8340153452685423,0.80625,0.7500425951790318,0.7791257425066982,5
Random Forest,PCA,P1,1-3,5,3275,197,0.9796954314720813,0.9822526173590003,0.9765079365079365,0.9792291937453228,0.9796576438135306,5
Random Forest,PCA,P1,1-3,6,3275,2300,0.7139130434782609,0.5899730843872725,0.723821148226825,0.6057816954670775,0.6817630076111332,6
Random Forest,PCA,P1,1-3,7,3275,3613,0.5557708275671187,0.6485431577193653,0.5690716131017834,0.5060463632323228,0.48038148074224307,6
Random Forest,PCA,P1,1-3,8,3275,294,0.46258503401360546,0.4722486355916071,0.4211149961149961,0.39281542480758463,0.4931708593648314,6
Random Forest,PCA,P1,1-3,9,3275,470,0.597872340425532,0.5766719668958921,0.6343841950399328,0.5252669961421755,0.4981022727217666,6
Random Forest,PCA,P1,1-3,10,3275,3600,0.4722222222222222,0.5181802041870993,0.47222222222222215,0.4360582684769931,0.43605826847699325,6
Random Forest,PCA,P2,1,2,445,1244,0.867363344051447,0.6215365905927978,0.7940893382865664,0.6812992453432801,0.8408708415393817,6
Random Forest,PCA,P2,1,3,445,1586,0.7723833543505675,0.6644439573130653,0.7033590729774682,0.6702559675575948,0.7264227269661914,5
Random Forest,PCA,P2,1,4,445,161,0.5279503105590062,0.368101905463733,0.5027131782945736,0.3986551363640978,0.4896980577035863,5
Random Forest,PCA,P2,1,5,445,197,0.3604060913705584,0.42322112477323126,0.3658730158730159,0.315895720817421,0.3492615507287488,5
Random Forest,PCA,P2,1,6,445,2300,0.2908695652173913,0.28466991263504865,0.19642487039114018,0.15711348445591047,0.2345504557704499,6
Random Forest,PCA,P2,1,7,445,3613,0.3279822861887628,0.37842229859390025,0.3415199503132833,0.2574823923996274,0.23941198416053544,6
Random Forest,PCA,P2,1,8,445,294,0.04081632653061224,0.18637992831541217,0.0550925925925926,0.045112781954887216,0.02894992583499565,6
Random Forest,PCA,P2,1,9,445,470,0.39787234042553193,0.48866923818707814,0.3891869514820334,0.285173460881991,0.3100213796301066,6
Random Forest,PCA,P2,1,10,445,3600,0.4063888888888889,0.4087487857749239,0.4063888888888889,0.3523439147148388,0.3523439147148387,6
Random Forest,PCA,P3,1,2,445,1244,0.867363344051447,0.6215365905927978,0.7940893382865664,0.6812992453432801,0.8408708415393817,6
Random Forest,PCA,P3,1-2,3,1689,1586,0.9293820933165196,0.9394056294622819,0.916887712743877,0.9264918162908845,0.9288793644791995,5
Random Forest,PCA,P3,1-3,4,3275,161,0.7391304347826086,0.8340153452685423,0.80625,0.7500425951790318,0.7791257425066982,5
Random Forest,PCA,P3,1-4,5,3436,197,0.9796954314720813,0.9814914264179386,0.9804761904761905,0.9806560908898083,0.9796191367930588,5
Random Forest,PCA,P3,1-5,6,3633,2300,0.7243478260869565,0.5888364196961826,0.7521592948098608,0.611207792383326,0.6789744047180974,6
Random Forest,PCA,P3,1-6,7,5933,3613,0.805148076390811,0.8190839636908445,0.8080178502316167,0.8008913789507518,0.7932724589499179,6
Random Forest,PCA,P3,1-7,8,9546,294,0.5884353741496599,0.7070771507492744,0.6502622377622378,0.6260694631691837,0.6347761806113258,6
Random Forest,PCA,P3,1-8,9,9840,470,0.9723404255319149,0.969445393378828,0.9756224853254557,0.9715750138617879,0.9724235174558234,6
Random Forest,PCA,P3,1-9,10,10310,3600,0.5663888888888889,0.5973578747668636,0.5663888888888889,0.5747233209925074,0.5747233209925076,6
Random Forest,LDA,P1,1-3,4,3275,161,0.8385093167701864,0.8144563279857397,0.8741763565891472,0.8297513802066907,0.839930244028749,5
Random Forest,LDA,P1,1-3,5,3275,197,0.9847715736040609,0.983440860215054,0.9836507936507937,0.983175243147657,0.9848206205370569,5
Random Forest,LDA,P1,1-3,6,3275,2300,0.7386956521739131,0.7581812769323769,0.7783415811741355,0.6505471750258808,0.7413997578993374,6
Random Forest,LDA,P1,1-3,7,3275,3613,0.7290340437309715,0.7725448793959461,0.735644374537293,0.7394326472626451,0.724761013326131,6
Random Forest,LDA,P1,1-3,8,3275,294,0.42517006802721086,0.6133903133903134,0.4641705516705517,0.4181973561800913,0.4494425973021045,6
Random Forest,LDA,P1,1-3,9,3275,470,0.5234042553191489,0.5510683827915043,0.5350932400932401,0.46780159545534267,0.4695117503509993,6
Random Forest,LDA,P1,1-3,10,3275,3600,0.2916666666666667,0.48910789363382473,0.2916666666666667,0.2843727985020216,0.2843727985020216,6
Random Forest,LDA,P2,1,2,445,1244,0.36897106109324757,0.32911452770414035,0.4035926679558543,0.2612981175929748,0.3377568281125144,6
Random Forest,LDA,P2,1,3,445,1586,0.244640605296343,0.44903932981595773,0.22359064976481804,0.22449497399945337,0.23336224880760645,5
Random Forest,LDA,P2,1,4,445,161,0.17391304347826086,0.18794178794178795,0.25,0.1690702947845805,0.17784538245940198,5
Random Forest,LDA,P2,1,5,445,197,0.17258883248730963,0.24597701149425286,0.3,0.20809968847352023,0.13270711766845358,5
Random Forest,LDA,P2,1,6,445,2300,0.10608695652173913,0.08284497715991913,0.20269265838596429,0.11451824649401625,0.07129116463283562,6
Random Forest,LDA,P2,1,7,445,3613,0.23526155549404926,0.4018673301935262,0.29278220545705086,0.2503716200998073,0.20710821402553073,6
Random Forest,LDA,P2,1,8,445,294,0.20068027210884354,0.3884677462455241,0.3039011914011914,0.2248700064344997,0.16754935792472495,6
Random Forest,LDA,P2,1,9,445,470,0.3829787234042553,0.38405537762135533,0.3846493880157246,0.314711584929008,0.3419530709728109,6
Random Forest,LDA,P2,1,10,445,3600,0.3597222222222222,0.39725357599295225,0.3597222222222222,0.3318758540076343,0.33187585400763436,6
Random Forest,LDA,P3,1,2,445,1244,0.36897106109324757,0.32911452770414035,0.4035926679558543,0.2612981175929748,0.3377568281125144,6
Random Forest,LDA,P3,1-2,3,1689,1586,0.7528373266078184,0.8860533652534791,0.7725848518735017,0.7513513246140565,0.707997906620976,5
Random Forest,LDA,P3,1-3,4,3275,161,0.8385093167701864,0.8144563279857397,0.8741763565891472,0.8297513802066907,0.839930244028749,5
Random Forest,LDA,P3,1-4,5,3436,197,0.9949238578680203,0.996875,0.99,0.9932969917221885,0.9948787639342818,5
Random Forest,LDA,P3,1-5,6,3633,2300,0.7365217391304347,0.6823912938281622,0.7770652421648173,0.6419720574368376,0.7378670148139064,6
Random Forest,LDA,P3,1-6,7,5933,3613,0.9039579296983117,0.9215328347920901,0.9056863668266443,0.9043092531682726,0.9007307036209824,6
Random Forest,LDA,P3,1-7,8,9546,294,0.9081632653061225,0.9034227245802199,0.8338804713804713,0.8561346561468776,0.9055210980819799,6
Random Forest,LDA,P3,1-8,9,9840,470,0.9361702127659575,0.9354082026293943,0.935096124997115,0.9316188755765014,0.9354328633550026,6
Random Forest,LDA,P3,1-9,10,10310,3600,0.7022222222222222,0.7384294689062023,0.7022222222222222,0.6961246039981237,0.6961246039981236,6
Naive Bayes,raw,P1,1-3,4,3275,161,0.8074534161490683,0.8879310344827587,0.8195930232558138,0.8076766610872571,0.7873776104607827,5
Naive Bayes,raw,P1,1-3,5,3275,197,0.8527918781725888,0.8699004920721706,0.8628226363008972,0.8474075916698867,0.8540746786565211,5
Naive Bayes,raw,P1,1-3,6,3275,2300,0.4973913043478261,0.5330786799251902,0.5495043892579999,0.45550387486703575,0.5528891037686027,6
Naive Bayes,raw,P1,1-3,7,3275,3613,0.5397176861334071,0.5650461225596427,0.5584502817242506,0.5131132662631389,0.52898767625196,6
Naive Bayes,raw,P1,1-3,8,3275,294,0.16666666666666666,0.06283110828565375,0.22803030303030303,0.09851441818654934,0.07207113915042988,6
Naive Bayes,raw,P1,1-3,9,3275,470,0.3574468085106383,0.30876178118974246,0.31709401709401713,0.2157440392472086,0.2314442865045789,6
Naive Bayes,raw,P1,1-3,10,3275,3600,0.31916666666666665,0.3439982109926454,0.31916666666666665,0.2920594680892542,0.2920594680892542,6
Naive Bayes,raw,P2,1,2,445,1244,0.659967845659164,0.5614682195506506,0.6478822750611011,0.5382631357243685,0.7040508959806968,6
Naive Bayes,raw,P2,1,3,445,1586,0.6733921815889029,0.6386701263295276,0.5858182524151213,0.5769361608668193,0.6419355476685144,5
Naive Bayes,raw,P2,1,4,445,161,0.5652173913043478,0.5518776170695494,0.6387596899224806,0.5402791246693687,0.5517813768987833,5
Naive Bayes,raw,P2,1,5,445,197,0.6751269035532995,0.6540074906367042,0.656984126984127,0.5952112927722684,0.6282552411065473,5
Naive Bayes,raw,P2,1,6,445,2300,0.5160869565217391,0.47222376821257606,0.44268276561189895,0.39150340650230114,0.46693736868606106,6
Naive Bayes,raw,P2,1,7,445,3613,0.3797398283974536,0.30018469878290444,0.3521523826346142,0.2760229239772051,0.29602826381868313,6
Naive Bayes,raw,P2,1,8,445,294,0.1564625850340136,0.36720143517176984,0.22382478632478633,0.19547989747772124,0.14573215903541883,6
Naive Bayes,raw,P2,1,9,445,470,0.3382978723404255,0.22347515006144447,0.38258238118893856,0.2549500335415889,0.22521489880449883,6
Naive Bayes,raw,P2,1,10,445,3600,0.39305555555555555,0.37829735409242066,0.3930555555555555,0.3483910275575118,0.34839102755751183,6
Naive Bayes,raw,P3,1,2,445,1244,0.659967845659164,0.5614682195506506,0.6478822750611011,0.5382631357243685,0.7040508959806968,6
Naive Bayes,raw,P3,1-2,3,1689,1586,0.8127364438839849,0.8438671469984553,0.8161599877255453,0.8115860268642008,0.831262408043235,5
Naive Bayes,raw,P3,1-3,4,3275,161,0.8074534161490683,0.8879310344827587,0.8195930232558138,0.8076766610872571,0.7873776104607827,5
Naive Bayes,raw,P3,1-4,5,3436,197,0.8578680203045685,0.8741370764686056,0.8765562456866804,0.864794946104773,0.861553519367354,5
Naive Bayes,raw,P3,1-5,6,3633,2300,0.42434782608695654,0.5103047784742741,0.5660805968796098,0.38248135366216046,0.4716660896876555,6
Naive Bayes,raw,P3,1-6,7,5933,3613,0.5358427899252699,0.6729897432579258,0.5744638099327565,0.5382485000539727,0.5348235850432942,6
Naive Bayes,raw,P3,1-7,8,9546,294,0.1564625850340136,0.16147480497575376,0.2778910903910904,0.1189497716894977,0.08625477588295592,6
Naive Bayes,raw,P3,1-8,9,9840,470,0.24893617021276596,0.21216154430340506,0.20101210121012103,0.12983279590473792,0.15240191977057496,6
Naive Bayes,raw,P3,1-9,10,10310,3600,0.36583333333333334,0.3634494226184512,0.3658333333333334,0.3446487173051002,0.34464871730510016,6
Naive Bayes,PCA,P1,1-3,4,3275,161,0.8509316770186336,0.912422969187675,0.8371608527131784,0.8605235079202538,0.8423366274158025,5
Naive Bayes,PCA,P1,1-3,5,3275,197,0.934010152284264,0.9378524374176548,0.9201587301587303,0.9257826764908031,0.9329338999500445,5
Naive Bayes,PCA,P1,1-3,6,3275,2300,0.548695652173913,0.5596634070179775,0.6069528302533457,0.46624675729690734,0.5040368976911577,6
Naive Bayes,PCA,P1,1-3,7,3275,3613,0.48740658732355385,0.5129649810965381,0.5125061261816939,0.45507338102207684,0.43991640177674485,6
Naive Bayes,PCA,P1,1-3,8,3275,294,0.5272108843537415,0.2649502537843058,0.3044191919191919,0.28241991991991994,0.47649179792036933,6
Naive Bayes,PCA,P1,1-3,9,3275,470,0.3170212765957447,0.16296037746342007,0.27307692307692305,0.1967523042452418,0.22230218426633763,6
Naive Bayes,PCA,P1,1-3,10,3275,3600,0.27305555555555555,0.28191495786044785,0.27305555555555555,0.24519107945453253,0.24519107945453253,6
Naive Bayes,PCA,P2,1,2,445,1244,0.7660771704180064,0.5350154643103675,0.6227474630786108,0.5583038326159114,0.775059845544133,6
Naive Bayes,PCA,P2,1,3,445,1586,0.5201765447667087,0.5809550428775853,0.4739926132068989,0.5174082601981836,0.5513480617979324,5
Naive Bayes,PCA,P2,1,4,445,161,0.34782608695652173,0.4553510063819342,0.5812403100775194,0.4093218739814386,0.24714557739106138,5
Naive Bayes,PCA,P2,1,5,445,197,0.4517766497461929,0.5798505747126437,0.46801587301587305,0.365005237136134,0.4059916786545245,5
Naive Bayes,PCA,P2,1,6,445,2300,0.11304347826086956,0.30667506994074584,0.3106636177254635,0.11790730294624074,0.10803908829961022,6
Naive Bayes,PCA,P2,1,7,445,3613,0.17630777747024634,0.2799698211361046,0.21119298221188876,0.1705717718836747,0.15367072461001538,6
Naive Bayes,PCA,P2,1,8,445,294,0.07142857142857142,0.10559427022841657,0.0649087024087024,0.07724961079398028,0.08602226152526397,6
Naive Bayes,PCA,P2,1,9,445,470,0.2148936170212766,0.14598997493734336,0.1688888888888889,0.09540368556762001,0.12041034189621565,6
Naive Bayes,PCA,P2,1,10,445,3600,0.39694444444444443,0.4467885154113927,0.3969444444444445,0.39927511316859227,0.39927511316859227,6
Naive Bayes,PCA,P3,1,2,445,1244,0.7660771704180064,0.5350154643103675,0.6227474630786108,0.5583038326159114,0.775059845544133,6
Naive Bayes,PCA,P3,1-2,3,1689,1586,0.9192938209331651,0.9239687230820979,0.897061877276163,0.9055606037087112,0.9182376603770427,5
Naive Bayes,PCA,P3,1-3,4,3275,161,0.8509316770186336,0.912422969187675,0.8371608527131784,0.8605235079202538,0.8423366274158025,5
Naive Bayes,PCA,P3,1-4,5,3436,197,0.9238578680203046,0.9294987468671678,0.9058730158730158,0.9123212657802151,0.9217513253280643,5
Naive Bayes,PCA,P3,1-5,6,3633,2300,0.46869565217391307,0.3774686782087764,0.5639010368656715,0.4012969031850206,0.40151713775984016,6
Naive Bayes,PCA,P3,1-6,7,5933,3613,0.5031829504566842,0.6370652626973917,0.538496431188463,0.5261817694901948,0.4898148648672957,6
Naive Bayes,PCA,P3,1-7,8,9546,294,0.1870748299319728,0.48666752268447183,0.3042119917119917,0.23668027009583462,0.1834143465784288,6
Naive Bayes,PCA,P3,1-8,9,9840,470,0.2851063829787234,0.4992650545282124,0.23210158468558081,0.2302302220917203,0.2768761547557266,6
Naive Bayes,PCA,P3,1-9,10,10310,3600,0.3352777777777778,0.48692201416729836,0.3352777777777778,0.35352906718535254,0.3535290671853525,6
Naive Bayes,LDA,P1,1-3,4,3275,161,0.7950310559006211,0.8377926421404682,0.8523013565891471,0.8139772936745142,0.8263972332632503,5
Naive Bayes,LDA,P1,1-3,5,3275,197,0.9644670050761421,0.9896551724137931,0.970952380952381,0.9797927750080859,0.9764026564356878,5
Naive Bayes,LDA,P1,1-3,6,3275,2300,0.9291304347826087,0.8639200838655042,0.9281879613311514,0.8787772328546811,0.9319600475936733,6
Naive Bayes,LDA,P1,1-3,7,3275,3613,0.6545806808746194,0.7351135954841768,0.6871066741798311,0.6842915878099619,0.6565711623139697,6
Naive Bayes,LDA,P1,1-3,8,3275,294,0.23129251700680273,0.3907657797892035,0.30346089096089096,0.2637152546546752,0.2341718020695283,6
Naive Bayes,LDA,P1,1-3,9,3275,470,0.4531914893617021,0.5329937139174918,0.4465131071745257,0.3703616761731959,0.3977826727848886,6
Naive Bayes,LDA,P1,1-3,10,3275,3600,0.3983333333333333,0.5230503697024956,0.39833333333333326,0.35421711995987565,0.3542171199598756,6
Naive Bayes,LDA,P2,1,2,445,1244,0.4059485530546624,0.4353470028686792,0.4899111241543952,0.35239023702381306,0.34867009149577594,6
Naive Bayes,LDA,P2,1,3,445,1586,0.2673392181588903,0.34277458120009735,0.37142053184910334,0.26534623496038023,0.188465343992482,5
Naive Bayes,LDA,P2,1,4,445,161,0.2360248447204969,0.2934336525307798,0.37131782945736436,0.15529780564263324,0.11481726669132965,5
Naive Bayes,LDA,P2,1,5,445,197,0.3350253807106599,0.15583524027459955,0.4,0.2100789313904068,0.20616472343192818,5
Naive Bayes,LDA,P2,1,6,445,2300,0.1491304347826087,0.15122467278093196,0.38889240840460354,0.1322296799500289,0.13364105885455788,6
Naive Bayes,LDA,P2,1,7,445,3613,0.25712704123996677,0.20624202580851966,0.2948989218217391,0.22113631623760713,0.19268048399590842,6
Naive Bayes,LDA,P2,1,8,445,294,0.24149659863945577,0.3126909313083704,0.34882154882154887,0.27748107790124593,0.19742412925400407,6
Naive Bayes,LDA,P2,1,9,445,470,0.4319148936170213,0.41772801730894993,0.43740481740481735,0.3540376690361901,0.3596736243785577,6
Naive Bayes,LDA,P2,1,10,445,3600,0.2725,0.341433140954054,0.2725,0.27300786107658903,0.2730078610765891,6
Naive Bayes,LDA,P3,1,2,445,1244,0.4059485530546624,0.4353470028686792,0.4899111241543952,0.35239023702381306,0.34867009149577594,6
Naive Bayes,LDA,P3,1-2,3,1689,1586,0.6279949558638083,0.8537414667850637,0.6928441558441558,0.7285447871778622,0.6613246200910251,5
Naive Bayes,LDA,P3,1-3,4,3275,161,0.7950310559006211,0.8377926421404682,0.8523013565891471,0.8139772936745142,0.8263972332632503,5
Naive Bayes,LDA,P3,1-4,5,3436,197,0.9847715736040609,0.9898776418242491,0.9836507936507937,0.9865630229419704,0.9872281797817465,5
Naive Bayes,LDA,P3,1-5,6,3633,2300,0.8943478260869565,0.8128735872738239,0.9128314166302545,0.8247171239238119,0.9026057942972112,6
Naive Bayes,LDA,P3,1-6,7,5933,3613,0.9261001937448105,0.9361461865400377,0.9264310125044775,0.9291819814179231,0.9256823395765016,6
Naive Bayes,LDA,P3,1-7,8,9546,294,0.9421768707482994,0.9493190022601788,0.9106481481481481,0.9260203865837671,0.940325303540308,6
Naive Bayes,LDA,P3,1-8,9,9840,470,0.7659574468085106,0.8153084150326797,0.808974435905129,0.7632052040401557,0.7264654232137939,6
Naive Bayes,LDA,P3,1-9,10,10310,3600,0.7325,0.7671532102737255,0.7325,0.7251354579651533,0.7251354579651533,6
AdaBoost,raw,P1,1-3,4,3275,161,0.8136645962732919,0.8164359375626982,0.8505038759689922,0.8219259259259261,0.8131032896250289,5
AdaBoost,raw,P1,1-3,5,3275,197,0.8071065989847716,0.8342354648680953,0.8137750172532782,0.803435437902791,0.8114734601584686,5
AdaBoost,raw,P1,1-3,6,3275,2300,0.5452173913043479,0.4639596377861889,0.638950710529225,0.46304466199467426,0.5491209908651441,6
AdaBoost,raw,P1,1-3,7,3275,3613,0.3000276778300581,0.29941165931529606,0.335769679597717,0.26253412122539244,0.25699236149337856,6
AdaBoost,raw,P1,1-3,8,3275,294,0.3129251700680272,0.5153382883155074,0.4413752913752913,0.3252248927647864,0.2316251936639776,6
AdaBoost,raw,P1,1-3,9,3275,470,0.5468085106382978,0.5076612903225807,0.5733100233100233,0.4929904289747297,0.4776127570696127,6
AdaBoost,raw,P1,1-3,10,3275,3600,0.28888888888888886,0.23998855969761626,0.2888888888888889,0.24951097137742625,0.24951097137742623,6
AdaBoost,raw,P2,1,2,445,1244,0.40514469453376206,0.3534382557974107,0.36771060286653084,0.3362754357156763,0.4174543794310136,6
AdaBoost,raw,P2,1,3,445,1586,0.24527112232030265,0.3937741312741313,0.2693529818735298,0.2868187143953779,0.24318375585777602,5
AdaBoost,raw,P2,1,4,445,161,0.2608695652173913,0.2679245283018868,0.2125,0.2180392156862745,0.21804895871392038,5
AdaBoost,raw,P2,1,5,445,197,0.08121827411167512,0.031984987489574644,0.09751552795031056,0.04710752805316483,0.041659869167261616,5
AdaBoost,raw,P2,1,6,445,2300,0.1865217391304348,0.17174620390455533,0.13890815151554065,0.062261378080770646,0.08400811854455993,6
AdaBoost,raw,P2,1,7,445,3613,0.1727096595626903,0.2292042042434952,0.195635272378028,0.11218516111016037,0.09595705154823973,6
AdaBoost,raw,P2,1,8,445,294,0.23469387755102042,0.19341285502073036,0.27514568764568764,0.13541224711734565,0.17572001881343585,6
AdaBoost,raw,P2,1,9,445,470,0.13617021276595745,0.036414565826330535,0.17166666666666666,0.05477930744317571,0.04571236031125148,6
AdaBoost,raw,P2,1,10,445,3600,0.10111111111111111,0.16963701080160853,0.10111111111111111,0.07922016881036732,0.07922016881036732,6
AdaBoost,raw,P3,1,2,445,1244,0.40514469453376206,0.3534382557974107,0.36771060286653084,0.3362754357156763,0.4174543794310136,6
AdaBoost,raw,P3,1-2,3,1689,1586,0.4854981084489281,0.5015473312046999,0.5179104717852272,0.44731163469823915,0.3985440395672989,5
AdaBoost,raw,P3,1-3,4,3275,161,0.8136645962732919,0.8164359375626982,0.8505038759689922,0.8219259259259261,0.8131032896250289,5
AdaBoost,raw,P3,1-4,5,3436,197,0.48223350253807107,0.5185245901639344,0.6050310559006211,0.5372213304797574,0.4240022669270373,5
AdaBoost,raw,P3,1-5,6,3633,2300,0.5382608695652173,0.4649395903551336,0.5253143379415682,0.45488897830883435,0.5274080203294477,6
AdaBoost,raw,P3,1-6,7,5933,3613,0.5892610019374481,0.6889243600537275,0.6024537351593618,0.5380998437581113,0.5291651045090959,6
AdaBoost,raw,P3,1-7,8,9546,294,0.43197278911564624,0.6440806878306878,0.6068019943019943,0.5472322945429781,0.41920806399868143,6
AdaBoost,raw,P3,1-8,9,9840,470,0.5191489361702127,0.6383152788963106,0.5341445922650273,0.489721872667314,0.47455815517763045,6
AdaBoost,raw,P3,1-9,10,10310,3600,0.45694444444444443,0.473303607126865,0.45694444444444443,0.45171461563189047,0.45171461563189036,6
AdaBoost,PCA,P1,1-3,4,3275,161,0.6273291925465838,0.6643971631205674,0.6997916666666667,0.6035086440283892,0.6068842609235608,5
AdaBoost,PCA,P1,1-3,5,3275,197,0.9187817258883249,0.9228332436125719,0.9251725327812285,0.9160269990878687,0.9216748580632932,5
AdaBoost,PCA,P1,1-3,6,3275,2300,0.7408695652173913,0.6244563253666329,0.683047733179717,0.6413712249145638,0.6754994765958341,6
AdaBoost,PCA,P1,1-3,7,3275,3613,0.5792969831165237,0.5592430245493288,0.592995389639294,0.519285091818888,0.4931742632330957,6
AdaBoost,PCA,P1,1-3,8,3275,294,0.7517006802721088,0.6149117970410897,0.6013791763791764,0.5589903364964751,0.732408592321051,6
AdaBoost,PCA,P1,1-3,9,3275,470,0.5042553191489362,0.502345866540414,0.5454700854700855,0.4583201400681099,0.43902826153911645,6
AdaBoost,PCA,P1,1-3,10,3275,3600,0.47888888888888886,0.5489270073624776,0.4788888888888889,0.4580796914709256,0.4580796914709255,6
AdaBoost,PCA,P2,1,2,445,1244,0.8094855305466238,0.5676475079132081,0.5934465268968436,0.5482263757107004,0.8160540446741753,6
AdaBoost,PCA,P2,1,3,445,1586,0.5819672131147541,0.5341062360211003,0.5644540202133157,0.490969770067461,0.5487301925495112,5
AdaBoost,PCA,P2,1,4,445,161,0.453416149068323,0.4581122064993033,0.5207122093023255,0.42556937799043065,0.4690255282474962,5
AdaBoost,PCA,P2,1,5,445,197,0.24873096446700507,0.46408695652173915,0.3473809523809524,0.2516525019803708,0.22407172694265978,5
AdaBoost,PCA,P2,1,6,445,2300,0.25043478260869567,0.3512707831728803,0.2897297627104051,0.184934676665123,0.23650339976613582,6
AdaBoost,PCA,P2,1,7,445,3613,0.2477165790202048,0.3517645057777299,0.30116110391790146,0.18770497786504273,0.18630939971845412,6
AdaBoost,PCA,P2,1,8,445,294,0.12585034013605442,0.19198312236286919,0.15925925925925927,0.060865159288111974,0.04180900937232198,6
AdaBoost,PCA,P2,1,9,445,470,0.19148936170212766,0.03722084367245657,0.15,0.05964214711729623,0.07613891121356965,6
AdaBoost,PCA,P2,1,10,445,3600,0.22611111111111112,0.3727472000391439,0.22611111111111112,0.21098309872114798,0.21098309872114798,6
AdaBoost,PCA,P3,1,2,445,1244,0.8094855305466238,0.5676475079132081,0.5934465268968436,0.5482263757107004,0.8160540446741753,6
AdaBoost,PCA,P3,1-2,3,1689,1586,0.5435056746532156,0.5306867039557922,0.4779072920990729,0.463422545659235,0.48256139315857993,5
AdaBoost,PCA,P3,1-3,4,3275,161,0.6273291925465838,0.6643971631205674,0.6997916666666667,0.6035086440283892,0.6068842609235608,5
AdaBoost,PCA,P3,1-4,5,3436,197,0.9695431472081218,0.9806666666666667,0.9673015873015872,0.9730102695763799,0.9719275438813699,5
AdaBoost,PCA,P3,1-5,6,3633,2300,0.6860869565217391,0.5607428690721113,0.607178860630537,0.5414765683718763,0.6298778151842387,6
AdaBoost,PCA,P3,1-6,7,5933,3613,0.6545806808746194,0.6057500635163131,0.6346875511294762,0.6054349268116911,0.6102408107925248,6
AdaBoost,PCA,P3,1-7,8,9546,294,0.4897959183673469,0.614655418522325,0.5805005180005179,0.5394906741996827,0.5129079238625021,6
AdaBoost,PCA,P3,1-8,9,9840,470,0.6276595744680851,0.6540318147461005,0.6655039677990499,0.63265611611625,0.5924571228489205,6
AdaBoost,PCA,P3,1-9,10,10310,3600,0.49277777777777776,0.5573357959827895,0.4927777777777778,0.4649621882032033,0.46496218820320323,6
AdaBoost,LDA,P1,1-3,4,3275,161,0.639751552795031,0.730586602731764,0.7169573643410853,0.6808736054926157,0.6589904994495315,5
AdaBoost,LDA,P1,1-3,5,3275,197,0.8781725888324873,0.9881578947368421,0.8534920634920635,0.8972831423895254,0.914256122248346,5
AdaBoost,LDA,P1,1-3,6,3275,2300,0.6447826086956522,0.6060981229172806,0.6567548981673804,0.5619658240081854,0.6527381332488333,6
AdaBoost,LDA,P1,1-3,7,3275,3613,0.3387766399114309,0.4443607723485883,0.3608553198231199,0.36918786262088066,0.3382858602362319,6
AdaBoost,LDA,P1,1-3,8,3275,294,0.24829931972789115,0.3804670102436852,0.36599326599326604,0.3614203086865271,0.2528888900761701,6
AdaBoost,LDA,P1,1-3,9,3275,470,0.43829787234042555,0.3612624291972118,0.4314529914529915,0.3557847920995396,0.3808456319181906,6
AdaBoost,LDA,P1,1-3,10,3275,3600,0.25833333333333336,0.35955682239126036,0.2583333333333333,0.25381142026946146,0.25381142026946146,6
AdaBoost,LDA,P2,1,2,445,1244,0.08440514469453377,0.09136587366694011,0.3333333333333333,0.1189358372456964,0.05664749482964237,6
AdaBoost,LDA,P2,1,3,445,1586,0.13619167717528374,0.12272727272727273,0.2,0.15211267605633802,0.10358240235866649,5
AdaBoost,LDA,P2,1,4,445,161,0.07453416149068323,0.017910447761194027,0.2,0.03287671232876712,0.012252190929975326,5
AdaBoost,LDA,P2,1,5,445,197,0.10152284263959391,0.025806451612903226,0.2,0.045714285714285714,0.02320522117476432,5
AdaBoost,LDA,P2,1,6,445,2300,0.23695652173913043,0.08018691862195308,0.32075465576536244,0.11967124524584781,0.11951952875451624,6
AdaBoost,LDA,P2,1,7,445,3613,0.2460559092167174,0.08113544027573773,0.31527777777777777,0.1290557922489509,0.10052848140700116,6
AdaBoost,LDA,P2,1,8,445,294,0.16666666666666666,0.17290871501272265,0.29583333333333334,0.16494708994708995,0.12502969441744952,6
AdaBoost,LDA,P2,1,9,445,470,0.425531914893617,0.2072255584067441,0.3316831683168317,0.23542868370454575,0.3014565120214423,6
AdaBoost,LDA,P2,1,10,445,3600,0.29527777777777775,0.18540820721053278,0.29527777777777775,0.1939072401028923,0.19390724010289226,6
AdaBoost,LDA,P3,1,2,445,1244,0.08440514469453377,0.09136587366694011,0.3333333333333333,0.1189358372456964,0.05664749482964237,6
AdaBoost,LDA,P3,1-2,3,1689,1586,0.7049180327868853,0.8130888137612005,0.711417237795907,0.7183805703171726,0.6798651252947381,5
AdaBoost,LDA,P3,1-3,4,3275,161,0.639751552795031,0.730586602731764,0.7169573643410853,0.6808736054926157,0.6589904994495315,5
AdaBoost,LDA,P3,1-4,5,3436,197,0.6446700507614214,0.546923076923077,0.5707763975155279,0.5206536872322929,0.5497936975176968,5
AdaBoost,LDA,P3,1-5,6,3633,2300,0.3234782608695652,0.7449873748002118,0.3939789828273879,0.3389428290456113,0.44792379375006436,6
AdaBoost,LDA,P3,1-6,7,5933,3613,0.8649321893163576,0.9075605471748127,0.8659213557921541,0.8688927090253621,0.8633336064134958,6
AdaBoost,LDA,P3,1-7,8,9546,294,0.8979591836734694,0.894998561347899,0.8155853405853407,0.8345574032081968,0.8950115949630041,6
AdaBoost,LDA,P3,1-8,9,9840,470,0.8489361702127659,0.837765230771443,0.8549161397854791,0.8382448362015861,0.8476908716467493,6
AdaBoost,LDA,P3,1-9,10,10310,3600,0.6391666666666667,0.6875850721142048,0.6391666666666667,0.6079423175380563,0.6079423175380563,6
Gradient Boosting,raw,P1,1-3,4,3275,161,0.7267080745341615,0.785328798185941,0.7964583333333334,0.7261430700447093,0.7590727044397749,5
Gradient Boosting,raw,P1,1-3,5,3275,197,0.934010152284264,0.9334385164852979,0.9356935817805383,0.9300424072931538,0.9351375397238093,5
Gradient Boosting,raw,P1,1-3,6,3275,2300,0.5339130434782609,0.5509136365327628,0.633557353688161,0.49849671490019803,0.5639010686910981,6
Gradient Boosting,raw,P1,1-3,7,3275,3613,0.5303072239136452,0.5060764016169209,0.5334843873087866,0.504040749316568,0.5122078585333874,6
Gradient Boosting,raw,P1,1-3,8,3275,294,0.24149659863945577,0.30466320620959797,0.3259032634032634,0.2181227538116504,0.1747720210226916,6
Gradient Boosting,raw,P1,1-3,9,3275,470,0.37446808510638296,0.23244092903822408,0.3533179206949699,0.25809266687554855,0.27698973965574397,6
Gradient Boosting,raw,P1,1-3,10,3275,3600,0.37694444444444447,0.37968122921092645,0.37694444444444436,0.3318245926684635,0.33182459266846354,6
Gradient Boosting,raw,P2,1,2,445,1244,0.7307073954983923,0.5834942424458255,0.610890117802173,0.5574656799793706,0.7408555572799751,6
Gradient Boosting,raw,P2,1,3,445,1586,0.6317780580075663,0.5969816442088356,0.5127783802049948,0.4710717181542721,0.5673077566036367,5
Gradient Boosting,raw,P2,1,4,445,161,0.7577639751552795,0.8993348115299333,0.6116036821705426,0.6712098216512402,0.7331373317271531,5
Gradient Boosting,raw,P2,1,5,445,197,0.3553299492385787,0.43636363636363634,0.40634920634920635,0.27384615384615385,0.2664584146817649,5
Gradient Boosting,raw,P2,1,6,445,2300,0.4856521739130435,0.5299848174173862,0.42385404153827405,0.3688280498174407,0.39302266450154416,6
Gradient Boosting,raw,P2,1,7,445,3613,0.4243011347910324,0.633889649114122,0.4527618642528888,0.329887434614896,0.3126911025639869,6
Gradient Boosting,raw,P2,1,8,445,294,0.1598639455782313,0.0652277721433401,0.2347222222222222,0.09505891023248246,0.06648469822361999,6
Gradient Boosting,raw,P2,1,9,445,470,0.23829787234042554,0.107251650025385,0.25166666666666665,0.1340987505443339,0.14397644201267057,6
Gradient Boosting,raw,P2,1,10,445,3600,0.33694444444444444,0.44890287140263235,0.3369444444444445,0.2894540338354596,0.2894540338354596,6
Gradient Boosting,raw,P3,1,2,445,1244,0.7307073954983923,0.5834942424458255,0.610890117802173,0.5574656799793706,0.7408555572799751,6
Gradient Boosting,raw,P3,1-2,3,1689,1586,0.9035308953341741,0.9034161626184789,0.8863387528250541,0.8918197310985594,0.9030935439057791,5
Gradient Boosting,raw,P3,1-3,4,3275,161,0.7267080745341615,0.785328798185941,0.7964583333333334,0.7261430700447093,0.7590727044397749,5
Gradient Boosting,raw,P3,1-4,5,3436,197,0.9543147208121827,0.9621588089330025,0.9378743961352656,0.9478424383567241,0.9545035647892791,5
Gradient Boosting,raw,P3,1-5,6,3633,2300,0.5491304347826087,0.5787026980823312,0.6438323689742312,0.49871246482434967,0.5865272453059942,6
Gradient Boosting,raw,P3,1-6,7,5933,3613,0.7204539164129532,0.7469110147152006,0.7254528318633863,0.6798718446009598,0.6865662118950195,6
Gradient Boosting,raw,P3,1-7,8,9546,294,0.8095238095238095,0.8078770073035763,0.7298562548562549,0.7026778340330111,0.78414037675241,6
Gradient Boosting,raw,P3,1-8,9,9840,470,0.725531914893617,0.7631465919701214,0.7545271954686011,0.7230982554661166,0.692991842736461,6
Gradient Boosting,raw,P3,1-9,10,10310,3600,0.5883333333333334,0.6500517381364808,0.5883333333333334,0.5863387859605406,0.5863387859605405,6
Gradient Boosting,PCA,P1,1-3,4,3275,161,0.7267080745341615,0.822904234157431,0.7929166666666667,0.7372670849749501,0.7642924302998279,5
Gradient Boosting,PCA,P1,1-3,5,3275,197,0.9746192893401016,0.9804394115369724,0.9693650793650793,0.9743907261637756,0.9745055425654483,5
Gradient Boosting,PCA,P1,1-3,6,3275,2300,0.6304347826086957,0.5612820423352063,0.6710196319174556,0.5376138667680251,0.5912831667055084,6
Gradient Boosting,PCA,P1,1-3,7,3275,3613,0.5541101577636314,0.6551579020656836,0.5311035101417042,0.49084508640063035,0.49782304209780553,6
Gradient Boosting,PCA,P1,1-3,8,3275,294,0.5782312925170068,0.6196779133515861,0.5249935249935249,0.4444537482730074,0.5799187866846146,6
Gradient Boosting,PCA,P1,1-3,9,3275,470,0.425531914893617,0.315453119232189,0.4318803418803419,0.3355566680921041,0.35875222664499884,6
Gradient Boosting,PCA,P1,1-3,10,3275,3600,0.47888888888888886,0.5231231282978368,0.47888888888888886,0.47227610717160634,0.47227610717160634,6
Gradient Boosting,PCA,P2,1,2,445,1244,0.7958199356913184,0.5506806439474562,0.6716766631783196,0.5551766157548075,0.7945044093605776,6
Gradient Boosting,PCA,P2,1,3,445,1586,0.6506935687263556,0.47259963534853056,0.5407449614964293,0.48937868302059007,0.5869441789401528,5
Gradient Boosting,PCA,P2,1,4,445,161,0.4782608695652174,0.30041180507892934,0.37986918604651165,0.32624130391572254,0.44815065846410634,5
Gradient Boosting,PCA,P2,1,5,445,197,0.2893401015228426,0.4175219512195122,0.30952380952380953,0.2523139895688915,0.2556224800675881,5
Gradient Boosting,PCA,P2,1,6,445,2300,0.4265217391304348,0.3656224424711918,0.30380707921251054,0.22526172920305199,0.31803711717779093,6
Gradient Boosting,PCA,P2,1,7,445,3613,0.27345696097425964,0.4307262559359932,0.2521482827569875,0.19926278942831024,0.21545728099907446,6
Gradient Boosting,PCA,P2,1,8,445,294,0.013605442176870748,0.0984848484848485,0.021759259259259256,0.030365296803652967,0.017305004193458203,6
Gradient Boosting,PCA,P2,1,9,445,470,0.1148936170212766,0.1742857142857143,0.11456984727476532,0.1369017162826201,0.13779521010143458,6
Gradient Boosting,PCA,P2,1,10,445,3600,0.43027777777777776,0.5204873680293204,0.4302777777777777,0.38427782384298376,0.38427782384298376,6
Gradient Boosting,PCA,P3,1,2,445,1244,0.7958199356913184,0.5506806439474562,0.6716766631783196,0.5551766157548075,0.7945044093605776,6
Gradient Boosting,PCA,P3,1-2,3,1689,1586,0.8448928121059268,0.881376227262187,0.8017989022646557,0.8183939333762789,0.8350174915953519,5
Gradient Boosting,PCA,P3,1-3,4,3275,161,0.7267080745341615,0.822904234157431,0.7929166666666667,0.7372670849749501,0.7642924302998279,5
Gradient Boosting,PCA,P3,1-4,5,3436,197,0.9746192893401016,0.9806666666666667,0.9773015873015873,0.9784083802376486,0.9746677015774453,5
Gradient Boosting,PCA,P3,1-5,6,3633,2300,0.75,0.6060367099713719,0.760330763101074,0.6285254355854014,0.7127407438940819,6
Gradient Boosting,PCA,P3,1-6,7,5933,3613,0.7387212842513147,0.7784989863041153,0.739984517949903,0.7151823630844302,0.7071297873594967,6
Gradient Boosting,PCA,P3,1-7,8,9546,294,0.54421768707483,0.7015751477186903,0.6232744107744109,0.608199041623881,0.5973610800538623,6
Gradient Boosting,PCA,P3,1-8,9,9840,470,0.7531914893617021,0.7366776995266258,0.8001971735635102,0.7398284266181979,0.6981429082536041,6
Gradient Boosting,PCA,P3,1-9,10,10310,3600,0.6366666666666667,0.6685104703415528,0.6366666666666667,0.6381059117761013,0.6381059117761012,6
Gradient Boosting,LDA,P1,1-3,4,3275,161,0.7763975155279503,0.7539853359372323,0.8414001937984497,0.7747208315629368,0.786587747620765,5
Gradient Boosting,LDA,P1,1-3,5,3275,197,0.9644670050761421,0.9827678231033168,0.959047619047619,0.9698705115889373,0.9716966123337862,5
Gradient Boosting,LDA,P1,1-3,6,3275,2300,0.6256521739130435,0.6440471850291419,0.6756505817959967,0.5740655778863064,0.635861952081986,6
Gradient Boosting,LDA,P1,1-3,7,3275,3613,0.5491281483531691,0.6417954507306546,0.5666907960306257,0.5669861886383999,0.5435542888085522,6
Gradient Boosting,LDA,P1,1-3,8,3275,294,0.2687074829931973,0.43416328808978194,0.34856902356902353,0.31229822329456164,0.28296788037048665,6
Gradient Boosting,LDA,P1,1-3,9,3275,470,0.5042553191489362,0.486648294750423,0.4973532296483116,0.42327089276959057,0.4523304666207475,6
Gradient Boosting,LDA,P1,1-3,10,3275,3600,0.2816666666666667,0.42976489066747064,0.2816666666666667,0.27178333713346015,0.27178333713346015,6
Gradient Boosting,LDA,P2,1,2,445,1244,0.6647909967845659,0.3978132926677805,0.606655438250736,0.4128530699775393,0.6482791485376216,6
Gradient Boosting,LDA,P2,1,3,445,1586,0.1614123581336696,0.34093633260770245,0.22740369447903697,0.20503916653672155,0.1495559289886655,5
Gradient Boosting,LDA,P2,1,4,445,161,0.07453416149068323,0.018461538461538463,0.2,0.03380281690140845,0.012597323068847869,5
Gradient Boosting,LDA,P2,1,5,445,197,0.10152284263959391,0.025806451612903226,0.2,0.045714285714285714,0.02320522117476432,5
Gradient Boosting,LDA,P2,1,6,445,2300,0.11043478260869566,0.12955453484485743,0.20597035515482373,0.09217741504623263,0.093952411710448,6
Gradient Boosting,LDA,P2,1,7,445,3613,0.24107389980625518,0.39366672817693454,0.2995625573968968,0.22100243924659688,0.20116720344341268,6
Gradient Boosting,LDA,P2,1,8,445,294,0.2585034013605442,0.47124837167028244,0.3847092722092722,0.3237160077981613,0.23285684087646372,6
Gradient Boosting,LDA,P2,1,9,445,470,0.3872340425531915,0.28352925459054723,0.38548854885488554,0.31908797306314735,0.33090427560444785,6
Gradient Boosting,LDA,P2,1,10,445,3600,0.4177777777777778,0.46605178186641366,0.4177777777777778,0.39281340665023023,0.39281340665023023,6
Gradient Boosting,LDA,P3,1,2,445,1244,0.6647909967845659,0.3978132926677805,0.606655438250736,0.4128530699775393,0.6482791485376216,6
Gradient Boosting,LDA,P3,1-2,3,1689,1586,0.71437578814628,0.8406220992183068,0.7276626882938038,0.7254020848574072,0.6840676005574124,5
Gradient Boosting,LDA,P3,1-3,4,3275,161,0.7763975155279503,0.7539853359372323,0.8414001937984497,0.7747208315629368,0.786587747620765,5
Gradient Boosting,LDA,P3,1-4,5,3436,197,0.9644670050761421,0.9619933746859646,0.970952380952381,0.9647575666805512,0.9647352576897403,5
Gradient Boosting,LDA,P3,1-5,6,3633,2300,0.7191304347826087,0.6548932903221986,0.7662115305370046,0.6193220295191109,0.7281798400890604,6
Gradient Boosting,LDA,P3,1-6,7,5933,3613,0.8735123166343759,0.9064470718943328,0.8743878528328503,0.8751505706317423,0.8708943164300925,6
Gradient Boosting,LDA,P3,1-7,8,9546,294,0.9115646258503401,0.9035086854830233,0.8470247345247346,0.865744321120261,0.9093930323054153,6
Gradient Boosting,LDA,P3,1-8,9,9840,470,0.9212765957446809,0.9169587619413758,0.9212567410587212,0.9147161387106998,0.9207337767858537,6
Gradient Boosting,LDA,P3,1-9,10,10310,3600,0.7186111111111111,0.7482560997116092,0.7186111111111111,0.7180425435757899,0.7180425435757899,6
Majority class,raw,P1,1-3,4,3275,161,0.2670807453416149,0.05341614906832298,0.2,0.08431372549019608,0.11259286323224943,5
Majority class,raw,P1,1-3,5,3275,197,0.20304568527918782,0.04060913705583756,0.2,0.06751054852320675,0.06853862794234188,5
Majority class,raw,P1,1-3,6,3275,2300,0.24956521739130436,0.041594202898550724,0.16666666666666666,0.06657388077012294,0.09968715016187105,6
Majority class,raw,P1,1-3,7,3275,3613,0.1832272349847772,0.030537872497462867,0.16666666666666666,0.051617933723196875,0.05674686763037309,6
Majority class,raw,P1,1-3,8,3275,294,0.10204081632653061,0.017006802721088437,0.16666666666666666,0.030864197530864196,0.01889644746787604,6
Majority class,raw,P1,1-3,9,3275,470,0.11702127659574468,0.01950354609929078,0.16666666666666666,0.03492063492063492,0.024518743667679838,6
Majority class,raw,P1,1-3,10,3275,3600,0.16666666666666666,0.027777777777777776,0.16666666666666666,0.047619047619047616,0.047619047619047616,6
Majority class,raw,P2,1,2,445,1244,0.2684887459807074,0.0447481243301179,0.16666666666666666,0.07055344317701732,0.11365683289931086,6
Majority class,raw,P2,1,3,445,1586,0.308953341740227,0.0617906683480454,0.2,0.09441233140655106,0.1458450264476987,5
Majority class,raw,P2,1,4,445,161,0.2670807453416149,0.05341614906832298,0.2,0.08431372549019608,0.11259286323224943,5
Majority class,raw,P2,1,5,445,197,0.20304568527918782,0.04060913705583756,0.2,0.06751054852320675,0.06853862794234188,5
Majority class,raw,P2,1,6,445,2300,0.24956521739130436,0.041594202898550724,0.16666666666666666,0.06657388077012294,0.09968715016187105,6
Majority class,raw,P2,1,7,445,3613,0.1832272349847772,0.030537872497462867,0.16666666666666666,0.051617933723196875,0.05674686763037309,6
Majority class,raw,P2,1,8,445,294,0.10204081632653061,0.017006802721088437,0.16666666666666666,0.030864197530864196,0.01889644746787604,6
Majority class,raw,P2,1,9,445,470,0.11702127659574468,0.01950354609929078,0.16666666666666666,0.03492063492063492,0.024518743667679838,6
Majority class,raw,P2,1,10,445,3600,0.16666666666666666,0.027777777777777776,0.16666666666666666,0.047619047619047616,0.047619047619047616,6
Majority class,raw,P3,1,2,445,1244,0.2684887459807074,0.0447481243301179,0.16666666666666666,0.07055344317701732,0.11365683289931086,6
Majority class,raw,P3,1-2,3,1689,1586,0.1733921815889029,0.03467843631778058,0.2,0.05910800644814616,0.05124433093707501,5
Majority class,raw,P3,1-3,4,3275,161,0.2670807453416149,0.05341614906832298,0.2,0.08431372549019608,0.11259286323224943,5
Majority class,raw,P3,1-4,5,3436,197,0.20304568527918782,0.04060913705583756,0.2,0.06751054852320675,0.06853862794234188,5
Majority class,raw,P3,1-5,6,3633,2300,0.24956521739130436,0.041594202898550724,0.16666666666666666,0.06657388077012294,0.09968715016187105,6
Majority class,raw,P3,1-6,7,5933,3613,0.1832272349847772,0.030537872497462867,0.16666666666666666,0.051617933723196875,0.05674686763037309,6
Majority class,raw,P3,1-7,8,9546,294,0.10204081632653061,0.017006802721088437,0.16666666666666666,0.030864197530864196,0.01889644746787604,6
Majority class,raw,P3,1-8,9,9840,470,0.16595744680851063,0.027659574468085105,0.16666666666666666,0.04744525547445255,0.04724336077030594,6
Majority class,raw,P3,1-9,10,10310,3600,0.16666666666666666,0.027777777777777776,0.16666666666666666,0.047619047619047616,0.047619047619047616,6
