model,variant,protocol,n_test_batches,mean_accuracy,mean_macro_f1,weighted_accuracy,weighted_macro_f1,min_macro_f1
kNN,raw,P1,7.0,0.6147558334468748,0.6086628203341765,0.5810061118946873,0.55763670670062,0.4635570143626002
kNN,raw,P2,9.0,0.36484301979750633,0.3029696239937203,0.39509840326773116,0.3297248871398251,0.1264535938121731
kNN,PCA,P1,7.0,0.6008064250803259,0.5939068742748033,0.5712270803949224,0.5472320710516461,0.4405071969657835
kNN,PCA,P2,9.0,0.42627868205052843,0.3578138287726094,0.43238024507983663,0.36773690419903704,0.1206410552139051
kNN,LDA,P1,7.0,0.6395826721520509,0.610229463628504,0.5585331452750353,0.5321508930425749,0.3492856182505461
kNN,LDA,P2,9.0,0.23114645153628816,0.22031463751541308,0.2397326401782398,0.23122156467481844,0.0804221383099422
SVM,raw,P1,7.0,0.7051324729128848,0.6895110922742395,0.6080865068171133,0.5789164155556253,0.4310574576935322
SVM,raw,P2,9.0,0.39028257004759936,0.3164644455599745,0.41136279242480506,0.331333050057596,0.2132345266673625
SVM,PCA,P1,7.0,0.6655723993418212,0.659669090347523,0.5633286318758816,0.5522974734753581,0.4497716128609887
SVM,PCA,P2,9.0,0.4285323501356113,0.3308253721203815,0.4313405124396584,0.34487231461244083,0.0592243186582809
SVM,LDA,P1,7.0,0.6655945275084303,0.614249806188975,0.6017865538316878,0.5557473757643977,0.4044688651823162
SVM,LDA,P2,9.0,0.2109787211735007,0.15052067392639878,0.2253991830672113,0.16344358102213183,0.0322147651006711
Random Forest,raw,P1,7.0,0.5731823628896006,0.517656104902769,0.5143394452280207,0.4667560637481829,0.1753398194574665
Random Forest,raw,P2,9.0,0.4871582531349148,0.409860620937434,0.4649090233939844,0.3761557793847239,0.1839980897705855
Random Forest,PCA,P1,7.0,0.6458841905659185,0.5993200767215011,0.5716031969910672,0.5141026242145501,0.3928154248075846
Random Forest,PCA,P2,9.0,0.4435591675091963,0.3514813449432943,0.44381730412179726,0.3523471841945917,0.0451127819548872
Random Forest,LDA,P1,7.0,0.6473216537560227,0.6247540279686185,0.571979313587212,0.5511671837725495,0.2843727985020216
Random Forest,LDA,P2,9.0,0.24942703023403004,0.23325670964616604,0.2626810248793167,0.2470169903253691,0.1145182464940162
Naive Bayes,raw,P1,7.0,0.5058049180924088,0.4614313313443329,0.4473906911142454,0.41187488516325976,0.0985144181865493
Naive Bayes,raw,P2,9.0,0.484149679994989,0.41300411145435034,0.4672855551429632,0.38010364796426055,0.1954798974777212
Naive Bayes,PCA,P1,7.0,0.5626188264722009,0.4902842323356764,0.4354489891866479,0.38511180676516565,0.1967523042452418
Naive Bayes,PCA,P2,9.0,0.3398304822792042,0.30116074314353064,0.3246193835870776,0.3004344935510254,0.0772496107939802
Naive Bayes,LDA,P1,7.0,0.63228950233369,0.6207332771621414,0.614480488951575,0.5965572701275765,0.2637152546546752
Naive Bayes,LDA,P2,9.0,0.288500773880418,0.24900064591321044,0.26438915707389526,0.24207206055509822,0.1322296799500289
Gradient Boosting,raw,P1,7.0,0.5311210889143735,0.4952518507014702,0.47475317348378,0.43702578624577026,0.2181227538116504
Gradient Boosting,raw,P2,9.0,0.4578487721074438,0.3545467280750721,0.4548830300779799,0.3546836683621336,0.0950589102324824
Gradient Boosting,PCA,P1,7.0,0.6240749143637291,0.5703433268348713,0.5505406676069582,0.49921628455858036,0.3355566680921041
Gradient Boosting,PCA,P2,9.0,0.3858744458429281,0.28879777198007,0.4256962495358336,0.31665316095540214,0.0303652968036529
Gradient Boosting,LDA,P1,7.0,0.5671820445255865,0.5561422232677418,0.4765397273154678,0.46580531116920193,0.2717833371334601
Gradient Boosting,LDA,P2,9.0,0.268587140350553,0.22735628677048034,0.2972150018566654,0.26164064538905285,0.0338028169014084
Majority class,raw,P1,7.0,0.1840925203694037,0.05477428122532414,0.18843441466854724,0.05297648820794826,0.0308641975308641
Majority class,raw,P2,9.0,0.2073433033674178,0.060931749240093036,0.21002599331600447,0.059480979800559164,0.0308641975308641
Stacking (batch CV),raw,P1,7.0,0.5622223276867258,0.5399312211924895,0.5493182886694875,0.5303480658852586,0.23076048601035
Stacking (batch CV),raw,P2,9.0,0.4606216917412494,0.35214156276827485,0.4801336799108801,0.3772058029035108,0.1658229833807465
Stacking (batch CV),PCA,P1,7.0,0.6185127213210541,0.5939344409850352,0.5502585801598495,0.5270324076072989,0.4299317520967005
Stacking (batch CV),PCA,P2,9.0,0.46451834271076653,0.370026991702191,0.5035276643148905,0.4213383547020384,0.0776813752468516
Stacking (batch CV),LDA,P1,7.0,0.6198918201945341,0.6000059982741899,0.5315467795016455,0.5044652890127391,0.2679848671665706
Stacking (batch CV),LDA,P2,9.0,0.2069930029300722,0.15581418882491033,0.20207946528035642,0.15439189950309964,0.0296296296296296
Stacking (random CV),raw,P1,7.0,0.6882054242527019,0.6398132775236388,0.5934179595674659,0.5560904072294616,0.4195466212812726
Stacking (random CV),raw,P2,9.0,0.4606216917412494,0.35214156276827485,0.4801336799108801,0.3772058029035108,0.1658229833807465
Stacking (random CV),PCA,P1,7.0,0.7082072354940124,0.6733137116802057,0.6193700047014574,0.5829727443312241,0.5091056603021141
Stacking (random CV),PCA,P2,9.0,0.46451834271076653,0.370026991702191,0.5035276643148905,0.4213383547020384,0.0776813752468516
Stacking (random CV),LDA,P1,7.0,0.6504447924679645,0.6137247079490399,0.5834508697696286,0.5549708556736233,0.3876825128320549
Stacking (random CV),LDA,P2,9.0,0.2069930029300722,0.15581418882491033,0.20207946528035642,0.15439189950309964,0.0296296296296296
