model,variant,accuracy,macro_precision,macro_recall,macro_f1
SVM,raw,0.7051324729128848,0.7191319411904669,0.7374234108555301,0.6895110922742395
Stacking (random CV),PCA,0.7082072354940124,0.6825691282934562,0.7165517302371401,0.6733137116802057
Random Forest,LDA,0.6473216537560227,0.7117414191921084,0.6661062234831183,0.6247540279686185
Naive Bayes,LDA,0.63228950233369,0.6961844796161619,0.6552651006458944,0.6207332771621414
kNN,LDA,0.6395826721520509,0.6706440452291421,0.6559468709479217,0.610229463628504
Stacking (batch CV),LDA,0.6198918201945341,0.6492798399973424,0.6396743526998157,0.6000059982741899
AdaBoost,PCA,0.6573031935826796,0.6338734896561545,0.6466779247150081,0.5936545896978886
Gradient Boosting,PCA,0.6240749143637291,0.6397196787109863,0.6285953776933803,0.5703433268348713
Decision Tree,LDA,0.5927121993929407,0.6285444591799193,0.6091167624879442,0.5669959199706166
