rank,model,variant,accuracy,macro_precision,macro_recall,macro_f1,weighted_macro_f1,worst_batch_f1
1,Naive Bayes,raw,0.484149679994989,0.46082287332306077,0.4804158017442915,0.41300411145435034,0.38010364796426055,0.1954798974777212
2,Random Forest,raw,0.4871582531349148,0.4229670823517029,0.5035705615332219,0.409860620937434,0.3761557793847239,0.1839980897705855
3,Decision Tree,raw,0.434576593514264,0.4136180477799846,0.46639665323870694,0.3870968044368391,0.34047788409595164,0.1254029658284977
4,Stacking (random CV),PCA,0.46451834271076653,0.4286845029905493,0.44404120869354585,0.370026991702191,0.4213383547020384,0.0776813752468516
5,Stacking (batch CV),PCA,0.46451834271076653,0.4286845029905493,0.44404120869354585,0.370026991702191,0.4213383547020384,0.0776813752468516
6,kNN,PCA,0.42627868205052843,0.4496141415527341,0.4204093301607468,0.3578138287726094,0.36773690419903704,0.1206410552139051
7,Gradient Boosting,raw,0.4578487721074438,0.4779367882945663,0.4268411806279348,0.3545467280750721,0.3546836683621336,0.0950589102324824
8,Stacking (batch CV),raw,0.4606216917412494,0.3851720737556393,0.4471349531906123,0.35214156276827485,0.3772058029035108,0.1658229833807465
9,Stacking (random CV),raw,0.4606216917412494,0.3851720737556393,0.4471349531906123,0.35214156276827485,0.3772058029035108,0.1658229833807465
10,Random Forest,PCA,0.4435591675091963,0.42491041573879895,0.41718309545550697,0.3514813449432943,0.3523471841945917,0.0451127819548872
11,SVM,PCA,0.4285323501356113,0.38352846287363973,0.40782230988552853,0.3308253721203815,0.34487231461244083,0.0592243186582809
12,SVM,raw,0.39028257004759936,0.3324976013711952,0.4000377028997654,0.3164644455599745,0.331333050057596,0.2132345266673625
13,Decision Tree,PCA,0.3983943003341108,0.40407943942273516,0.4095168138217918,0.31398829856724547,0.3367478502829896,0.0616345960803695
14,kNN,raw,0.36484301979750633,0.41350359526234404,0.3550111627405522,0.3029696239937203,0.3297248871398251,0.1264535938121731
15,Naive Bayes,PCA,0.3398304822792042,0.38179885999294816,0.3665105438953656,0.30116074314353064,0.3004344935510254,0.0772496107939802
16,Gradient Boosting,PCA,0.3858744458429281,0.370091184977944,0.33604187405848557,0.28879777198007,0.31665316095540214,0.0303652968036529
17,Decision Tree,LDA,0.2813096035553596,0.35056585232261184,0.31587458068392227,0.2698297800670968,0.28798100206980687,0.1571910556470132
18,AdaBoost,PCA,0.3483557813083221,0.369882151331159,0.35025054953245705,0.2689497872672983,0.2590239169837241,0.0596421471172962
19,Naive Bayes,LDA,0.288500773880418,0.2951899183372202,0.3750185757681746,0.24900064591321044,0.24207206055509822,0.1322296799500289
20,Random Forest,LDA,0.24942703023403004,0.31850685157437947,0.3023256648003139,0.23325670964616604,0.2470169903253691,0.1145182464940162
21,Gradient Boosting,LDA,0.268587140350553,0.28078536516655106,0.32528529379149207,0.22735628677048034,0.26164064538905285,0.0338028169014084
22,kNN,LDA,0.23114645153628816,0.2728052252042433,0.3211302256756147,0.22031463751541308,0.23122156467481844,0.0804221383099422
23,Stacking (random CV),LDA,0.2069930029300722,0.2428128240479891,0.283560839932959,0.15581418882491033,0.15439189950309964,0.0296296296296296
24,Stacking (batch CV),LDA,0.2069930029300722,0.2428128240479891,0.283560839932959,0.15581418882491033,0.15439189950309964,0.0296296296296296
25,SVM,LDA,0.2109787211735007,0.17371495387794114,0.2835396340271359,0.15052067392639878,0.16344358102213183,0.0322147651006711
26,AdaBoost,raw,0.20263447292270498,0.2052818602955248,0.2032828891119339,0.1480110173791459,0.13493366946589158,0.0471075280531648
27,AdaBoost,LDA,0.19634917958822262,0.10940832058844446,0.27690667181160183,0.13251661806604598,0.14869960507586683,0.0328767123287671
28,Majority class,raw,0.2073433033674178,0.0374426978662771,0.17777777777777773,0.060931749240093036,0.059480979800559164,0.0308641975308641
