model,batch,n_toluene,toluene_recall,times_predicts_toluene,macro_f1_all6,macro_f1_gases1to5,acc_non_toluene
SVM,4,0,,0,0.9045080973664351,0.9045080973664351,0.8757763975155279
SVM,5,0,,0,0.9545638490346157,0.9545638490346157,0.9543147208121827
SVM,6,467,0.0,0,0.6214286733662086,0.7457144080394502,0.8745226404800873
SVM,7,568,0.0,0,0.6482798604335648,0.7779358325202776,0.8121510673234811
SVM,8,18,0.0,0,0.543149985563094,0.6517799826757128,0.5869565217391305
SVM,9,101,0.0,0,0.7235897224622257,0.868307666954671,0.94579945799458
SVM,10,600,0.0,0,0.43105745769353226,0.5172689492322388,0.517
kNN,4,0,,0,0.7551034959438321,0.7551034959438321,0.7267080745341615
kNN,5,0,,0,0.7963850668794847,0.7963850668794847,0.7563451776649747
kNN,6,467,0.0,0,0.5866974154755135,0.7040368985706162,0.79050736497545
kNN,7,568,0.0,0,0.5905295713553597,0.7086354856264315,0.7362889983579639
kNN,8,18,0.0,0,0.4635570143626002,0.5562684172351202,0.4782608695652174
kNN,9,101,0.0,0,0.5793572352540337,0.6952286823048405,0.7913279132791328
kNN,10,600,0.0,0,0.4890099430684122,0.5868119316820947,0.5993333333333334
Random Forest,4,0,,0,0.8284515261025328,0.8284515261025328,0.84472049689441
Random Forest,5,0,,0,0.7213261648745519,0.7213261648745519,0.7563451776649747
Random Forest,6,467,0.0,0,0.6043642943979838,0.7252371532775805,0.8488816148390617
Random Forest,7,568,0.0,0,0.5196003095463823,0.6235203714556586,0.6699507389162561
Random Forest,8,18,0.0,0,0.17533981945746654,0.21040778334895985,0.31521739130434784
Random Forest,9,101,0.0,0,0.45325020652826925,0.5439002478339231,0.6693766937669376
Random Forest,10,600,0.0,0,0.3212604134121964,0.38551249609463567,0.41833333333333333
Naive Bayes,4,0,,0,0.8076766610872571,0.8076766610872571,0.8074534161490683
Naive Bayes,5,0,,0,0.8474075916698867,0.8474075916698867,0.8527918781725888
Naive Bayes,6,467,0.014989293361884369,288,0.45550387486703575,0.5428960405689198,0.6202945990180033
Naive Bayes,7,568,0.0,19,0.5131132662631389,0.6157359195157668,0.6403940886699507
Naive Bayes,8,18,0.0,19,0.09851441818654934,0.11821730182385921,0.17753623188405798
Naive Bayes,9,101,0.0,6,0.2157440392472086,0.25889284709665034,0.45528455284552843
Naive Bayes,10,600,0.11666666666666667,160,0.2920594680892542,0.3136292564439472,0.3596666666666667
Decision Tree,4,0,,0,0.6601607464910217,0.6601607464910217,0.6583850931677019
Decision Tree,5,0,,0,0.6806265348906859,0.6806265348906859,0.7309644670050761
Decision Tree,6,467,0.0,1,0.5525583945826956,0.6630700734992347,0.7992362247681397
Decision Tree,7,568,0.0,1,0.3017513612181991,0.36210163346183893,0.43645320197044335
Decision Tree,8,18,0.0,0,0.17274392721612705,0.20729271265935245,0.2210144927536232
Decision Tree,9,101,0.0,0,0.2109346314654917,0.25312155775859,0.43902439024390244
Decision Tree,10,600,0.0,0,0.2803840934037039,0.3364609120844447,0.37233333333333335
AdaBoost,4,0,,0,0.8219259259259261,0.8219259259259261,0.8136645962732919
AdaBoost,5,0,,0,0.803435437902791,0.803435437902791,0.8071065989847716
AdaBoost,6,467,0.0,0,0.46304466199467426,0.5556535943936092,0.6841243862520459
AdaBoost,7,568,0.0,0,0.26253412122539244,0.3150409454704709,0.3559934318555008
AdaBoost,8,18,0.0,68,0.3252248927647864,0.39026987131774366,0.3333333333333333
AdaBoost,9,101,0.0,0,0.4929904289747297,0.5915885147696757,0.6964769647696477
AdaBoost,10,600,0.0,0,0.24951097137742625,0.2994131656529115,0.3466666666666667
