model,variant,default_f1,default_acc,tuned_f1,tuned_acc,val_macro_f1_default,val_macro_f1_tuned,val_gain,changed_from_default,test_gain,acc_gain
AdaBoost,LDA,0.4971895650809622,0.49234484509089305,0.5545845178841711,0.5734937226883832,0.4186582037814345,0.6886037495686741,0.2699455457872396,True,0.05739495280320889,0.08114887759749012
AdaBoost,PCA,0.5936545896978886,0.6573031935826796,0.5691787419902032,0.5942682579929216,0.5058244606849678,0.7583236316993431,0.2524991710143753,True,-0.024475847707685405,-0.06303493558975803
AdaBoost,raw,0.48838092002367517,0.5163769762839547,0.5275585679943461,0.5789425702628537,0.3917935352069577,0.7983714575073237,0.406577922300366,True,0.039177647970670915,0.06256559397889894
Decision Tree,LDA,0.5669959199706166,0.5927121993929407,0.5595603119450369,0.5752818595640132,0.6062245436610886,0.6272600414118056,0.021035497750717,True,-0.007435608025579743,-0.0174303398289275
Decision Tree,PCA,0.5187126160302158,0.5729313962535454,0.5187126160302158,0.5729313962535454,0.7534550079177486,0.7534550079177486,0.0,False,0.0,0.0
Decision Tree,raw,0.40845138418113214,0.46522658077475076,0.40111055792948697,0.466484773097276,0.7488193919705646,0.7568860790173859,0.0080666870468213,True,-0.007340826251645172,0.00125819232252522
Gradient Boosting,LDA,0.5561422232677418,0.5671820445255864,0.5561422232677418,0.5671820445255864,0.5691275774174732,0.5691275774174732,0.0,False,0.0,0.0
Gradient Boosting,PCA,0.5703433268348713,0.624074914363729,0.586336969448411,0.6326089580270028,0.6867852745655432,0.7560858822837482,0.069300607718205,True,0.015993642613539638,0.008534043663273816
Gradient Boosting,raw,0.4952518507014702,0.5311210889143735,0.4907624921919635,0.5267669796168879,0.724642705538965,0.7520644774800886,0.0274217719411236,True,-0.0044893585095067134,-0.004354109297485587
Naive Bayes,LDA,0.6207332771621414,0.63228950233369,0.6140922458244794,0.6230047075983078,0.5404675121008375,0.5678377266171237,0.0273702145162861,True,-0.006641031337662029,-0.00928479473538213
Naive Bayes,PCA,0.4902842323356765,0.5626188264722009,0.4736529925716898,0.527635365116151,0.7319322181623114,0.7458974092807311,0.0139651911184197,True,-0.01663123976398667,-0.034983461356049905
Naive Bayes,raw,0.46143133134433295,0.5058049180924088,0.45004362534791004,0.49359216290809077,0.6749245812942846,0.6792029555550176,0.004278374260733,True,-0.011387705996422914,-0.012212755184318025
Random Forest,LDA,0.6247540279686185,0.6473216537560226,0.6281961747840986,0.6398346260748523,0.5063247211035157,0.5558065704872437,0.049481849383728,True,0.0034421468154801627,-0.007487027681170266
Random Forest,PCA,0.5993200767215011,0.6458841905659184,0.5993200767215011,0.6458841905659184,0.8038955308170823,0.8038955308170823,0.0,False,0.0,0.0
Random Forest,raw,0.517656104902769,0.5731823628896006,0.5049879152557322,0.5585080290011409,0.810351278050331,0.812791428554191,0.0024401505038599,True,-0.012668189647036865,-0.014674333888459623
SVM,LDA,0.614249806188975,0.6655945275084303,0.5936733271739144,0.661026428935824,0.4767653964651385,0.5788676312083691,0.1021022347432306,True,-0.020576479015060545,-0.004568098572606316
SVM,PCA,0.6596690903475227,0.6655723993418211,0.6497932582646103,0.6543074420468116,0.7607059818407549,0.8037440326752444,0.0430380508344895,True,-0.009875832082912428,-0.011264957295009537
SVM,raw,0.6895110922742395,0.7051324729128848,0.6702744623156504,0.7242124795071614,0.7568629022506197,0.8113778426789967,0.054514940428377,True,-0.019236629958589102,0.019080006594276555
kNN,LDA,0.610229463628504,0.6395826721520509,0.6094939973502692,0.6370203487539995,0.5727987860481847,0.575107866540917,0.0023090804927322,True,-0.000735466278234842,-0.0025623233980514026
kNN,PCA,0.5939068742748034,0.600806425080326,0.5892158271104024,0.5967930725945199,0.7295812301971645,0.7695929344675815,0.040011704270417,True,-0.004691047164400941,-0.004013352485806143
kNN,raw,0.6086628203341765,0.6147558334468748,0.6019211309366145,0.6015203579965703,0.7224943013535035,0.7734181918574736,0.0509238905039701,True,-0.006741689397562034,-0.013235475450304457
