model,variant,default_f1,tuned_f1,gain
AdaBoost,LDA,0.6700153411062458,0.8152214287867968,0.145206087680551
AdaBoost,PCA,0.6229341981867818,0.7182830327292151,0.09534883454243337
AdaBoost,raw,0.5486864087592588,0.692589438969424,0.14390303021016526
Decision Tree,LDA,0.8088879722499512,0.8137414225457217,0.004853450295770445
Decision Tree,PCA,0.61662750745706,0.61662750745706,0.0
Decision Tree,raw,0.6305864502408277,0.6435547504233919,0.01296830018256423
Gradient Boosting,LDA,0.8189220002572988,0.8189220002572988,0.0
Gradient Boosting,PCA,0.7207880919858015,0.7228892772170161,0.0021011852312146084
Gradient Boosting,raw,0.694954956183773,0.7093446218608629,0.01438966567708988
Naive Bayes,LDA,0.8526857815067566,0.8431298971678272,-0.009555884338929399
Naive Bayes,PCA,0.5029661436783702,0.5049963554094395,0.00203021173106932
Naive Bayes,raw,0.4552332494010713,0.45238978889699755,-0.002843460504073747
Random Forest,LDA,0.8361725454650702,0.8388945890862044,0.0027220436211341514
Random Forest,PCA,0.7593093793466281,0.7593093793466281,0.0
Random Forest,raw,0.763742255933258,0.7444650872593365,-0.019277168673921485
SVM,LDA,0.8355601391373709,0.8304550461734326,-0.005105092963938351
SVM,PCA,0.7456858200396954,0.7518621068550827,0.0061762868153872885
SVM,raw,0.8091010554861072,0.8138680324081168,0.004766976922009558
kNN,LDA,0.8384637778845846,0.841344848828366,0.0028810709437814275
kNN,PCA,0.7363573612090274,0.7257210277029664,-0.010636333506060969
kNN,raw,0.7788207269993903,0.770078075264499,-0.008742651734891305
