,,macro_f1,macro_f1,macro_f1,accuracy,accuracy,accuracy
method,,baseline,batch-std,coral,baseline,batch-std,coral
model,variant,,,,,,
SVM,raw,0.6895110922742395,0.659191898907863,0.5246643269332905,0.7051324729128848,0.707331774823001,0.5664369164339912
SVM,LDA,0.614249806188975,0.46711874217771926,0.6305411291783428,0.6655945275084303,0.5000295984082536,0.6979951408116746
kNN,raw,0.6086628203341765,0.6140427884336441,0.4642777728782365,0.6147558334468748,0.6458854907886583,0.5055578597515156
kNN,LDA,0.610229463628504,0.5217674740670281,0.6231943829006182,0.6395826721520509,0.5609223582323096,0.6424747727173662
Random Forest,raw,0.517656104902769,0.5591937094802778,0.4259364991896625,0.5731823628896006,0.6236170458351017,0.4712352655199076
Random Forest,LDA,0.6247540279686185,0.5139925942035448,0.6218677324640759,0.6473216537560226,0.5513281068410506,0.6515129309550797
Naive Bayes,raw,0.46143133134433295,0.5060746810131986,0.33005688329833,0.5058049180924088,0.5557651829623732,0.39422075262523304
Naive Bayes,LDA,0.6207332771621414,0.5259118234057019,0.6256831761134968,0.63228950233369,0.572309873201939,0.6560388899874134
