method,macro_f1_all,macro_f1_gases1to5,toluene_recall_B6_10,mean_toluene_samples_in_training_B6_10
baseline,0.7974925769893323,0.8285791691952357,0.4692190923317684,820.8
window-1,0.651689122716925,0.6670430550052815,0.3918955980105053,230.8
window-2,0.7174085720402235,0.7526075488308486,0.2896713615023474,441.4
window-3,0.7817243595264114,0.8147862165925301,0.4305070422535211,648.4
recency-h1,0.7773299057261175,0.8118669250767869,0.46541681773811183,820.8
recency-h2,0.7854541734893734,0.8176754110641373,0.4790318412122902,820.8
batch-std,0.7328328768732812,0.7901366866972606,0.137735524256651,820.8
coral,0.6149027668155465,0.6432854966156557,0.3079740621949519,820.8
window-2 + batch-std,0.6950562174242048,0.7304074499388942,0.33880328173662433,441.4
