subset,only sensor,leave out sensor
S01,0.3192947906356659,0.722928934896769
S02,0.3441012389025301,0.6754946302662314
S03,0.4937785486549025,0.6910697363477297
S04,0.5657388388848295,0.6912763731192612
S05,0.3932120041191009,0.6878717260115632
S06,0.3500215053031707,0.6880749455564822
S07,0.5519753588052244,0.680591161290186
S08,0.5861108184734073,0.6877855812228907
S09,0.3448578926157873,0.67401361898419
S10,0.3395288527642502,0.6769482817280482
S11,0.5035435304914174,0.6925395631560854
S12,0.5289082964347729,0.6883577530238322
S13,0.5324928219104286,0.6872655646757515
S14,0.5266152807555351,0.6843874386715333
S15,0.5114419958762884,0.6864689983349727
S16,0.4969408210690595,0.6863884026452572
