feature,name,sensor,type,F,drift
0,S01_DR,S01,DR,1531.3329440404973,2.153983600280384
1,S01_|DR|,S01,|DR|,62.865555051685654,1.6257319895480193
2,S01_EMA_inc_0.001,S01,EMA_inc_0.001,1162.004934967196,1.606452197603328
3,S01_EMA_inc_0.01,S01,EMA_inc_0.01,1024.4149292293587,1.4443584948289991
4,S01_EMA_inc_0.1,S01,EMA_inc_0.1,771.0719566898213,1.4561536934285582
5,S01_EMA_dec_0.001,S01,EMA_dec_0.001,1250.571257958835,2.2873684848025726
6,S01_EMA_dec_0.01,S01,EMA_dec_0.01,1273.4068510575926,2.0664289750519877
7,S01_EMA_dec_0.1,S01,EMA_dec_0.1,1475.4665576006896,1.549432250804548
8,S02_DR,S02,DR,1897.256571183312,1.9062647410439588
9,S02_|DR|,S02,|DR|,402.6973032304497,1.4106999025728384
10,S02_EMA_inc_0.001,S02,EMA_inc_0.001,1300.499064958415,1.4409150300094062
11,S02_EMA_inc_0.01,S02,EMA_inc_0.01,1014.5075050954978,1.2354148329183414
12,S02_EMA_inc_0.1,S02,EMA_inc_0.1,375.74432133371135,1.2198670578301436
13,S02_EMA_dec_0.001,S02,EMA_dec_0.001,1635.5094554021282,1.8823224622749777
14,S02_EMA_dec_0.01,S02,EMA_dec_0.01,1602.603668306681,1.6610460604736528
15,S02_EMA_dec_0.1,S02,EMA_dec_0.1,1764.5586600592826,1.2021196046134723
16,S03_DR,S03,DR,170.28971149208863,0.4520882618964004
17,S03_|DR|,S03,|DR|,477.80069373548486,0.880234606755562
18,S03_EMA_inc_0.001,S03,EMA_inc_0.001,307.0041812764123,0.7202248271812103
19,S03_EMA_inc_0.01,S03,EMA_inc_0.01,172.24887138758766,0.8621203886885285
20,S03_EMA_inc_0.1,S03,EMA_inc_0.1,7.110462749949291,0.8980121140341841
21,S03_EMA_dec_0.001,S03,EMA_dec_0.001,254.85578246916788,0.42554288308723376
22,S03_EMA_dec_0.01,S03,EMA_dec_0.01,185.32116387554413,0.42920848947347706
23,S03_EMA_dec_0.1,S03,EMA_dec_0.1,66.09625917176139,0.6095056692519083
24,S04_DR,S04,DR,154.9917689340036,0.5233415658565805
25,S04_|DR|,S04,|DR|,295.25197794030043,0.9476294666668095
26,S04_EMA_inc_0.001,S04,EMA_inc_0.001,196.81776155794753,0.7907265201514891
27,S04_EMA_inc_0.01,S04,EMA_inc_0.01,81.89469105496444,0.9296186834587848
28,S04_EMA_inc_0.1,S04,EMA_inc_0.1,2.7835491827602894,0.9569885867045089
29,S04_EMA_dec_0.001,S04,EMA_dec_0.001,227.30378089452498,0.4733151092961079
30,S04_EMA_dec_0.01,S04,EMA_dec_0.01,40.4573805595956,0.45921556787719703
31,S04_EMA_dec_0.1,S04,EMA_dec_0.1,3.3960788155521295,0.6497833952294636
32,S05_DR,S05,DR,174.52630055437936,1.049588953154905
33,S05_|DR|,S05,|DR|,10.041615373854277,1.8966287218396576
34,S05_EMA_inc_0.001,S05,EMA_inc_0.001,174.41522758985764,1.0618697999671467
35,S05_EMA_inc_0.01,S05,EMA_inc_0.01,198.52286189043335,1.3464554942367433
36,S05_EMA_inc_0.1,S05,EMA_inc_0.1,36.06905825779146,1.443920716880523
37,S05_EMA_dec_0.001,S05,EMA_dec_0.001,115.39156012677093,0.9264761844901599
38,S05_EMA_dec_0.01,S05,EMA_dec_0.01,19.736272754582934,0.8338609405517661
39,S05_EMA_dec_0.1,S05,EMA_dec_0.1,3.473476413000284,0.9865898856833238
40,S06_DR,S06,DR,126.6421447042583,0.9175239177033522
41,S06_|DR|,S06,|DR|,0.8958245124395297,2.1097717664465216
42,S06_EMA_inc_0.001,S06,EMA_inc_0.001,143.71492501748716,0.915403639628158
43,S06_EMA_inc_0.01,S06,EMA_inc_0.01,170.454901424033,1.2067892917951362
44,S06_EMA_inc_0.1,S06,EMA_inc_0.1,33.93871842224482,1.3095751767785597
45,S06_EMA_dec_0.001,S06,EMA_dec_0.001,84.69669359669693,0.9271633645779565
46,S06_EMA_dec_0.01,S06,EMA_dec_0.01,47.14100673900442,0.8902657354260954
47,S06_EMA_dec_0.1,S06,EMA_dec_0.1,5.914962926694413,0.8224992300952682
48,S07_DR,S07,DR,153.70653835724738,0.7060388704375952
49,S07_|DR|,S07,|DR|,1.3861390363219306,1.1578503601115915
50,S07_EMA_inc_0.001,S07,EMA_inc_0.001,248.29257824468903,0.786243616943888
51,S07_EMA_inc_0.01,S07,EMA_inc_0.01,508.782678187945,0.9809162591078294
52,S07_EMA_inc_0.1,S07,EMA_inc_0.1,359.5904629211085,0.9831295724785495
53,S07_EMA_dec_0.001,S07,EMA_dec_0.001,203.368428544388,0.5638275338471304
54,S07_EMA_dec_0.01,S07,EMA_dec_0.01,182.84973242372192,0.5074205740711661
55,S07_EMA_dec_0.1,S07,EMA_dec_0.1,82.44165845482878,0.6359485285674003
56,S08_DR,S08,DR,138.25945207991342,0.7366874513003449
57,S08_|DR|,S08,|DR|,1.0347608264606558,1.1427050882774343
58,S08_EMA_inc_0.001,S08,EMA_inc_0.001,256.16635246241896,0.8179007358822303
59,S08_EMA_inc_0.01,S08,EMA_inc_0.01,514.5860246197885,1.0614092384105258
60,S08_EMA_inc_0.1,S08,EMA_inc_0.1,390.8907533965861,1.0793520750481789
61,S08_EMA_dec_0.001,S08,EMA_dec_0.001,198.974321227847,0.6012733577259819
62,S08_EMA_dec_0.01,S08,EMA_dec_0.01,187.522478463813,0.5768968463540277
63,S08_EMA_dec_0.1,S08,EMA_dec_0.1,85.9914703956284,0.7329103942537978
64,S09_DR,S09,DR,1244.7220484641084,2.7046777458150166
65,S09_|DR|,S09,|DR|,682.5913820895192,1.849296154041746
66,S09_EMA_inc_0.001,S09,EMA_inc_0.001,970.8630533467636,2.1619732779748326
67,S09_EMA_inc_0.01,S09,EMA_inc_0.01,849.5293871476767,2.0866661926107057
68,S09_EMA_inc_0.1,S09,EMA_inc_0.1,1014.6718598212773,1.9124737097268951
69,S09_EMA_dec_0.001,S09,EMA_dec_0.001,1071.1318467978863,2.9006718520752166
70,S09_EMA_dec_0.01,S09,EMA_dec_0.01,1151.1584643378987,2.731129214191257
71,S09_EMA_dec_0.1,S09,EMA_dec_0.1,1713.7918547134313,1.5878835197307022
72,S10_DR,S10,DR,918.7056731940824,3.102366070238316
73,S10_|DR|,S10,|DR|,678.5301679036434,2.3937053104173804
74,S10_EMA_inc_0.001,S10,EMA_inc_0.001,764.1493544073829,2.5894721776214116
75,S10_EMA_inc_0.01,S10,EMA_inc_0.01,680.6238313945025,2.592700701219086
76,S10_EMA_inc_0.1,S10,EMA_inc_0.1,821.4815556291762,2.4701194854497883
77,S10_EMA_dec_0.001,S10,EMA_dec_0.001,816.5815336936505,3.393690326672359
78,S10_EMA_dec_0.01,S10,EMA_dec_0.01,855.190457696498,3.2192015432911965
79,S10_EMA_dec_0.1,S10,EMA_dec_0.1,1203.9440423189008,2.077288472536781
80,S11_DR,S11,DR,206.6038219013851,0.8249021823094873
81,S11_|DR|,S11,|DR|,456.3658981318429,0.851682735996134
82,S11_EMA_inc_0.001,S11,EMA_inc_0.001,350.79513752146806,0.9776829312302391
83,S11_EMA_inc_0.01,S11,EMA_inc_0.01,562.171105952079,1.040886799252407
84,S11_EMA_inc_0.1,S11,EMA_inc_0.1,417.0992359488747,1.0898813255395052
85,S11_EMA_dec_0.001,S11,EMA_dec_0.001,250.44478915981628,0.5144234760442253
86,S11_EMA_dec_0.01,S11,EMA_dec_0.01,228.0011453917792,0.5442861859985569
87,S11_EMA_dec_0.1,S11,EMA_dec_0.1,90.873087797652,0.6277444712338417
88,S12_DR,S12,DR,139.82459021490345,0.8750682912998006
89,S12_|DR|,S12,|DR|,413.3133775823552,0.8784047582964121
90,S12_EMA_inc_0.001,S12,EMA_inc_0.001,268.21157498628907,0.9318273468262251
91,S12_EMA_inc_0.01,S12,EMA_inc_0.01,488.5347177263881,0.9872889800405249
92,S12_EMA_inc_0.1,S12,EMA_inc_0.1,326.5294310968771,1.0728948326177108
93,S12_EMA_dec_0.001,S12,EMA_dec_0.001,210.21819413601304,0.6039623240391709
94,S12_EMA_dec_0.01,S12,EMA_dec_0.01,190.78005803874154,0.5951823176219795
95,S12_EMA_dec_0.1,S12,EMA_dec_0.1,48.33425074618125,0.6310761251348864
96,S13_DR,S13,DR,125.46497278309943,0.8619498554434804
97,S13_|DR|,S13,|DR|,207.82025069229041,1.2489145512162396
98,S13_EMA_inc_0.001,S13,EMA_inc_0.001,212.72557425966923,0.9879950876630362
99,S13_EMA_inc_0.01,S13,EMA_inc_0.01,441.13139607276185,1.3645971726838435
100,S13_EMA_inc_0.1,S13,EMA_inc_0.1,118.15886723471061,1.475736444507489
101,S13_EMA_dec_0.001,S13,EMA_dec_0.001,102.4591043952238,0.7840551553892918
102,S13_EMA_dec_0.01,S13,EMA_dec_0.01,79.51653953305045,0.7674613164195997
103,S13_EMA_dec_0.1,S13,EMA_dec_0.1,6.806370799978973,1.0005454660560509
104,S14_DR,S14,DR,109.87271454079414,0.787729121165432
105,S14_|DR|,S14,|DR|,237.26698717812388,1.1170714543261866
106,S14_EMA_inc_0.001,S14,EMA_inc_0.001,190.45070105824433,0.928168365444401
107,S14_EMA_inc_0.01,S14,EMA_inc_0.01,403.2592740568108,1.1748232811242125
108,S14_EMA_inc_0.1,S14,EMA_inc_0.1,91.80127761040805,1.2368874600155497
109,S14_EMA_dec_0.001,S14,EMA_dec_0.001,97.77195255090489,0.5827575861818204
110,S14_EMA_dec_0.01,S14,EMA_dec_0.01,71.86536779020442,0.5346079349217049
111,S14_EMA_dec_0.1,S14,EMA_dec_0.1,6.312436443213291,0.8582826758657468
112,S15_DR,S15,DR,210.12692189883077,0.8212581486244872
113,S15_|DR|,S15,|DR|,424.7355827577269,1.062389173416046
114,S15_EMA_inc_0.001,S15,EMA_inc_0.001,264.874172519772,0.9044691617266016
115,S15_EMA_inc_0.01,S15,EMA_inc_0.01,611.2038001730995,1.0326454486934882
116,S15_EMA_inc_0.1,S15,EMA_inc_0.1,480.8252012646537,1.0756113309575674
117,S15_EMA_dec_0.001,S15,EMA_dec_0.001,219.1708429356713,0.5000624861021936
118,S15_EMA_dec_0.01,S15,EMA_dec_0.01,202.67429513955287,0.4956795745271279
119,S15_EMA_dec_0.1,S15,EMA_dec_0.1,85.53574773650985,0.6316594491103353
120,S16_DR,S16,DR,201.94733361706287,0.8653550822759403
121,S16_|DR|,S16,|DR|,424.3027797161077,1.0707551878748514
122,S16_EMA_inc_0.001,S16,EMA_inc_0.001,239.5727855989469,0.9272518328003784
123,S16_EMA_inc_0.01,S16,EMA_inc_0.01,449.70847052150333,1.0214267586901775
124,S16_EMA_inc_0.1,S16,EMA_inc_0.1,485.5752037932715,1.0542501684796015
125,S16_EMA_dec_0.001,S16,EMA_dec_0.001,214.79762602009723,0.5484871801071751
126,S16_EMA_dec_0.01,S16,EMA_dec_0.01,191.34270910609058,0.5092848404766883
127,S16_EMA_dec_0.1,S16,EMA_dec_0.1,90.7328192667484,0.6703488282450047
