,near B4-5,near B4-5,far B8-10,far B8-10
model,Random Forest,SVM,Random Forest,SVM
group,,,,
DR,0.08719757847706709,0.12274117726636524,0.0918265984900396,0.2235352221158037
|DR|,0.028404060915917802,0.05274493712618075,-0.030353475576691366,0.04668807517378523
EMA_inc_0.001,0.00507630048441055,0.033516730394890754,0.04138745468458797,0.030996127112696736
EMA_inc_0.01,0.005139045296630151,0.24864787746494174,0.048365650688392964,0.0695098575179082
EMA_inc_0.1,0.010410760422177597,0.11325729446189775,0.0360368457151884,0.03448256561115557
EMA_dec_0.001,0.02691638689773885,0.019110227844541,0.010280748816462034,0.04172556424484203
EMA_dec_0.01,0.003914085092614,0.0380522653460216,0.020273232960460897,0.028049952118821636
EMA_dec_0.1,0.06667679489575659,0.14426495806356526,0.05531891926547847,0.0287978094337058
