model,test_batch,group_kind,group,importance_mean,importance_std
Random Forest,4,sensor,S01,0.027758719284408907,0.013136240358881945
Random Forest,4,sensor,S02,-0.0046973267598749095,0.014367524094697007
Random Forest,4,sensor,S03,0.004144463767411122,0.008093255804700127
Random Forest,4,sensor,S04,0.04136514719626866,0.009656412174401137
Random Forest,4,sensor,S05,0.0048637873233201455,0.0037534861264891706
Random Forest,4,sensor,S06,0.005239394093241057,0.0034212043522787927
Random Forest,4,sensor,S07,0.01638913941722613,0.009667930609575177
Random Forest,4,sensor,S08,-0.004750822061268478,0.007412813050198446
Random Forest,4,sensor,S09,-0.01537266817571582,0.008263603885047929
Random Forest,4,sensor,S10,0.013245764520994564,0.0115941561393343
Random Forest,4,sensor,S11,0.017052712193095176,0.009014466784614955
Random Forest,4,sensor,S12,0.009321309879523555,0.004459707086045414
Random Forest,4,sensor,S13,0.02842295131736291,0.009804792541245593
Random Forest,4,sensor,S14,0.011671274235018392,0.00776781897510987
Random Forest,4,sensor,S15,0.014049448151218513,0.006231583326738746
Random Forest,4,sensor,S16,0.0018366257097514715,0.003575601832731524
Random Forest,4,type,DR,0.1512766680266966,0.013953548790265703
Random Forest,4,type,|DR|,0.04847185281779996,0.016547685671682907
Random Forest,4,type,EMA_inc_0.001,0.0037854430349648195,0.018565634396351696
Random Forest,4,type,EMA_inc_0.01,0.04012061869795419,0.016061640842220053
Random Forest,4,type,EMA_inc_0.1,0.06290243664091749,0.021335687422447274
Random Forest,4,type,EMA_dec_0.001,0.04008735348058675,0.009173183877102175
Random Forest,4,type,EMA_dec_0.01,0.0008059479630059596,0.01151866100632519
Random Forest,4,type,EMA_dec_0.1,0.04948641989627552,0.021195714845137766
Random Forest,4,family,"steady-state (DR, |DR|)",0.12756553150096345,0.02491425698353642
Random Forest,4,family,rising EMA,0.14062505729177693,0.042181080000148925
Random Forest,4,family,decaying EMA,0.16838624615002246,0.033549271760334176
Random Forest,5,sensor,S01,0.01980706170273311,0.009157231729993696
Random Forest,5,sensor,S02,0.03213940502340018,0.015561968007304855
Random Forest,5,sensor,S03,0.0031111111111110645,0.0038103173776626643
Random Forest,5,sensor,S04,0.003638497159251819,0.0037566618050905052
Random Forest,5,sensor,S05,-0.01144147315049071,0.006879395774171194
Random Forest,5,sensor,S06,0.0032766412769186792,0.008725693318929924
Random Forest,5,sensor,S07,0.006244444444444363,0.004711373158330447
Random Forest,5,sensor,S08,0.0,0.0
Random Forest,5,sensor,S09,-0.00043391515578445895,0.005988471537697539
Random Forest,5,sensor,S10,0.01238629472692504,0.007092850793465743
Random Forest,5,sensor,S11,0.0,0.0
Random Forest,5,sensor,S12,0.0,0.0
Random Forest,5,sensor,S13,-0.006614747638143914,0.010087598308058415
Random Forest,5,sensor,S14,-0.005195066884983346,0.008238819856213865
Random Forest,5,sensor,S15,0.0,0.0
Random Forest,5,sensor,S16,0.008644444444444366,0.00655721259660204
Random Forest,5,type,DR,0.023118488927437696,0.008597371170335783
Random Forest,5,type,|DR|,0.008336269014035714,0.01124986937939638
Random Forest,5,type,EMA_inc_0.001,0.0063671579338563265,0.010366937556098459
Random Forest,5,type,EMA_inc_0.01,-0.029842528104693834,0.010900528961242438
Random Forest,5,type,EMA_inc_0.1,-0.042080915796562236,0.020702446386879722
Random Forest,5,type,EMA_dec_0.001,0.01374542031489102,0.006038112136985921
Random Forest,5,type,EMA_dec_0.01,0.007022222222222129,0.0042341352404673595
Random Forest,5,type,EMA_dec_0.1,0.0838671698952377,0.011760963636706007
Random Forest,5,family,"steady-state (DR, |DR|)",0.08149361440484815,0.02040332124077598
Random Forest,5,family,rising EMA,-0.06245782697779127,0.021281135202999058
Random Forest,5,family,decaying EMA,0.2078432624204921,0.022662901072670653
Random Forest,6,sensor,S01,0.049318841918377834,0.0025591607653232163
Random Forest,6,sensor,S02,0.044501104375660294,0.0019080595348064371
Random Forest,6,sensor,S03,-0.004509457977530629,0.001914062045259203
Random Forest,6,sensor,S04,0.014273862942460991,0.0019655047402910657
Random Forest,6,sensor,S05,-0.007057424150258495,0.0012352339142789545
Random Forest,6,sensor,S06,-0.008497346767681779,0.001237812712835881
Random Forest,6,sensor,S07,-0.0008045205865415573,0.001826439336872072
Random Forest,6,sensor,S08,0.004340912534884056,0.003163667640595872
Random Forest,6,sensor,S09,-0.00257114953807297,0.0017249211262059755
Random Forest,6,sensor,S10,-0.005007970920203863,0.0024909707706153865
Random Forest,6,sensor,S11,-0.0013490295026077014,0.0010825800187950765
Random Forest,6,sensor,S12,0.002981146503793919,0.001536893994701701
Random Forest,6,sensor,S13,0.053054003496590896,0.003091426279850801
Random Forest,6,sensor,S14,0.042233700089524276,0.0019955921080771657
Random Forest,6,sensor,S15,0.003606773840375066,0.0022021581527674654
Random Forest,6,sensor,S16,0.01147758290285883,0.002145752995226831
Random Forest,6,type,DR,0.06460038558659842,0.0035332345981546774
Random Forest,6,type,|DR|,0.11650064291879407,0.006457926965100345
Random Forest,6,type,EMA_inc_0.001,-0.005800854196130523,0.0013533093346246542
Random Forest,6,type,EMA_inc_0.01,0.051715759665119286,0.002744296290271769
Random Forest,6,type,EMA_inc_0.1,0.07558842605311474,0.004350588746377324
Random Forest,6,type,EMA_dec_0.001,0.0011624418187681784,0.001482818449400437
Random Forest,6,type,EMA_dec_0.01,-0.001872934957008876,0.001875508355902958
Random Forest,6,type,EMA_dec_0.1,0.046706717608939144,0.0019490005087176314
Random Forest,6,family,"steady-state (DR, |DR|)",0.15547336613350762,0.0067609200484101415
Random Forest,6,family,rising EMA,0.20007458955907875,0.005253154959752046
Random Forest,6,family,decaying EMA,0.2268622213495933,0.004387678733636618
Random Forest,7,sensor,S01,0.015477437641924852,0.00233187214168825
Random Forest,7,sensor,S02,0.10034455653479919,0.0036965514058487953
Random Forest,7,sensor,S03,-0.00021911307137684188,0.0021827604614592733
Random Forest,7,sensor,S04,0.00841426703015602,0.0016838956252962247
Random Forest,7,sensor,S05,0.004311847400986224,0.0015504445999948145
Random Forest,7,sensor,S06,0.00475261844239957,0.0014572300734311287
Random Forest,7,sensor,S07,0.006960046630062522,0.0021711775634961406
Random Forest,7,sensor,S08,0.005770534505047065,0.001983492038667633
Random Forest,7,sensor,S09,0.07000584373983954,0.0027613446419749743
Random Forest,7,sensor,S10,0.05391588453618856,0.003671004410831062
Random Forest,7,sensor,S11,0.00587735843268844,0.0012671612418524152
Random Forest,7,sensor,S12,0.005098410186887814,0.001344561104648426
Random Forest,7,sensor,S13,0.0313730254346732,0.0022822873119519344
Random Forest,7,sensor,S14,0.03233512563779296,0.0017119350753830053
Random Forest,7,sensor,S15,0.016913301410695986,0.002792380977723571
Random Forest,7,sensor,S16,0.01738983751488015,0.0018648176345038901
Random Forest,7,type,DR,0.09075048242298375,0.00427776974865716
Random Forest,7,type,|DR|,0.03031313684225644,0.0024588397071782318
Random Forest,7,type,EMA_inc_0.001,0.01301567411215857,0.0026327113491462196
Random Forest,7,type,EMA_inc_0.01,0.0568215375660462,0.0025911441576780456
Random Forest,7,type,EMA_inc_0.1,0.05801003005185266,0.0031845111219784765
Random Forest,7,type,EMA_dec_0.001,0.012458870703149527,0.002145485650764063
Random Forest,7,type,EMA_dec_0.01,0.03288302007601216,0.002299783002709244
Random Forest,7,type,EMA_dec_0.1,0.08956476072339195,0.001847648514655369
Random Forest,7,family,"steady-state (DR, |DR|)",0.1042130786675588,0.005544530428001753
Random Forest,7,family,rising EMA,0.1593248717642563,0.004639739928225079
Random Forest,7,family,decaying EMA,0.14332351524524042,0.005237606361280611
Random Forest,8,sensor,S01,-0.010781305256578898,0.004413117032531589
Random Forest,8,sensor,S02,-0.02487116228238601,0.0125586365957407
Random Forest,8,sensor,S03,0.040041107787209505,0.005594006835946328
Random Forest,8,sensor,S04,0.017615521244882363,0.005069920983322117
Random Forest,8,sensor,S05,-0.0162639154740404,0.004793909381495807
Random Forest,8,sensor,S06,0.03174817757273266,0.0051403096393892655
Random Forest,8,sensor,S07,0.015108242607650604,0.015457681313057057
Random Forest,8,sensor,S08,0.048193554797133296,0.006888872946078139
Random Forest,8,sensor,S09,0.048347292651860344,0.004843769241789813
Random Forest,8,sensor,S10,0.041313400855306846,0.008927981175386577
Random Forest,8,sensor,S11,0.015766217479860834,0.007057615352025896
Random Forest,8,sensor,S12,0.007511530684733101,0.0075295090478563155
Random Forest,8,sensor,S13,0.01812184045541998,0.005732210581306867
Random Forest,8,sensor,S14,0.012661878790975283,0.006545051913544014
Random Forest,8,sensor,S15,0.00926458607052388,0.011578093330207888
Random Forest,8,sensor,S16,0.00576805739054852,0.012238750511741519
Random Forest,8,type,DR,-0.011734574744674094,0.01357412029915607
Random Forest,8,type,|DR|,-0.05846475147445065,0.008617130871532427
Random Forest,8,type,EMA_inc_0.001,0.06588689268678598,0.00580041520928255
Random Forest,8,type,EMA_inc_0.01,0.06175527991428849,0.013542751065192853
Random Forest,8,type,EMA_inc_0.1,0.05905208124205512,0.006909451140976556
Random Forest,8,type,EMA_dec_0.001,0.040829987049243524,0.0083173899208856
Random Forest,8,type,EMA_dec_0.01,0.04946364956235037,0.0056794615777483615
Random Forest,8,type,EMA_dec_0.1,0.005333939437023325,0.00781347124447325
Random Forest,8,family,"steady-state (DR, |DR|)",-0.007713519239802407,0.016896498399203985
Random Forest,8,family,rising EMA,0.06125050039944917,0.01085908379968082
Random Forest,8,family,decaying EMA,0.024732324570874105,0.01135930370694349
Random Forest,9,sensor,S01,0.1718981803365322,0.010360458435187037
Random Forest,9,sensor,S02,0.15764385253154653,0.010840149656114247
Random Forest,9,sensor,S03,0.0012271588931106303,0.00362519977013699
Random Forest,9,sensor,S04,0.008438131274500067,0.006766596478492309
Random Forest,9,sensor,S05,0.024072454625621957,0.006867167863770564
Random Forest,9,sensor,S06,0.011290359617416368,0.0033709676833530056
Random Forest,9,sensor,S07,-0.044132853937698766,0.009808116837417807
Random Forest,9,sensor,S08,-0.05348943031937632,0.012939540587384417
Random Forest,9,sensor,S09,0.10653303345340075,0.010196096667597819
Random Forest,9,sensor,S10,-0.0033543685785549894,0.0073406100170824665
Random Forest,9,sensor,S11,0.01088662647676839,0.0035479664284553663
Random Forest,9,sensor,S12,0.002057659142691648,0.0017054838392756612
Random Forest,9,sensor,S13,0.02332192661841141,0.007197416257546451
Random Forest,9,sensor,S14,0.010022838316596228,0.004213034105165694
Random Forest,9,sensor,S15,-0.0009222111396717803,0.005850041674251297
Random Forest,9,sensor,S16,0.00850372897326187,0.007000672557162833
Random Forest,9,type,DR,0.2413545240289733,0.01247754397393091
Random Forest,9,type,|DR|,-0.016565059251165047,0.011358845963027081
Random Forest,9,type,EMA_inc_0.001,0.06079640550799248,0.010036548549960963
Random Forest,9,type,EMA_inc_0.01,0.09273359410322375,0.013703647209497726
Random Forest,9,type,EMA_inc_0.1,0.04598953932267066,0.0056403860181949966
Random Forest,9,type,EMA_dec_0.001,0.013727752660394239,0.006372744776150998
Random Forest,9,type,EMA_dec_0.01,0.04175276010511633,0.007594690779523285
Random Forest,9,type,EMA_dec_0.1,0.11329252787755943,0.013416447037598901
Random Forest,9,family,"steady-state (DR, |DR|)",0.1777897832347842,0.009901224890266905
Random Forest,9,family,rising EMA,0.1443212479168848,0.012598276541817279
Random Forest,9,family,decaying EMA,0.14479874630740214,0.012951808554035459
Random Forest,10,sensor,S01,-0.0006999445426983774,0.0034730894899112673
Random Forest,10,sensor,S02,0.046281924600536505,0.002973491495430156
Random Forest,10,sensor,S03,-0.005769366336314308,0.0032860429318772497
Random Forest,10,sensor,S04,0.0073989096558597645,0.002121565249744663
Random Forest,10,sensor,S05,-0.0008315258873856035,0.0028303238218949723
Random Forest,10,sensor,S06,-0.0031517164807170206,0.0017171011136103602
Random Forest,10,sensor,S07,-0.02166009532556275,0.0036238779679404007
Random Forest,10,sensor,S08,-0.02284070979925127,0.0028013386607510077
Random Forest,10,sensor,S09,-0.023317647839801076,0.0034063028271660643
Random Forest,10,sensor,S10,-0.035342107529137017,0.0029247631769627577
Random Forest,10,sensor,S11,-0.014193976919055162,0.0030041854060827364
Random Forest,10,sensor,S12,-0.010168961439965535,0.0021262141070322533
Random Forest,10,sensor,S13,-0.011090671240319278,0.0017419750576783159
Random Forest,10,sensor,S14,-0.006296332116419478,0.00200971407464167
Random Forest,10,sensor,S15,-0.006281168017468008,0.002403108377800676
Random Forest,10,sensor,S16,-0.00017413653836222397,0.00366521300308062
Random Forest,10,type,DR,0.04585984618581954,0.004338141852234915
Random Forest,10,type,|DR|,-0.01603061600445852,0.003714112890885988
Random Forest,10,type,EMA_inc_0.001,-0.002520934141014486,0.00234413334035451
Random Forest,10,type,EMA_inc_0.01,-0.009391921952333293,0.003584652468916912
Random Forest,10,type,EMA_inc_0.1,0.0030689165808395315,0.0016353897980015879
Random Forest,10,type,EMA_dec_0.001,-0.023715493260251692,0.00216698022821671
Random Forest,10,type,EMA_dec_0.01,-0.030396710786083986,0.002315918738365158
Random Forest,10,type,EMA_dec_0.1,0.04733029048185272,0.002300913593647443
Random Forest,10,family,"steady-state (DR, |DR|)",0.03275696994133055,0.002632801764809055
Random Forest,10,family,rising EMA,0.018169190354741165,0.005665651563372779
Random Forest,10,family,decaying EMA,0.051562526194393235,0.004889482596723374
SVM,4,sensor,S01,0.015018039751212964,0.007558135498849661
SVM,4,sensor,S02,0.04877392344893725,0.019078276641230144
SVM,4,sensor,S03,0.03668834459242942,0.014365150158384124
SVM,4,sensor,S04,-0.013425710484702624,0.00337082964096511
SVM,4,sensor,S05,0.0028541800851741737,0.005924267559143677
SVM,4,sensor,S06,0.006789610500648491,0.0060695313659419135
SVM,4,sensor,S07,0.09732914129952959,0.014146287593797718
SVM,4,sensor,S08,0.10844938221362117,0.027716386770548013
SVM,4,sensor,S09,0.06057908081956666,0.014206488821921454
SVM,4,sensor,S10,0.03112727295023644,0.0086720274727527
SVM,4,sensor,S11,0.08756412945516537,0.02143734867985036
SVM,4,sensor,S12,0.03445346252896268,0.014823307889158376
SVM,4,sensor,S13,0.05772488851345235,0.013508667435010864
SVM,4,sensor,S14,0.0386308858266373,0.010546679392651503
SVM,4,sensor,S15,0.08746100901898812,0.014915127886112635
SVM,4,sensor,S16,0.08178103773729448,0.02960212924731196
SVM,4,type,DR,0.15440235565175622,0.026847129458449002
SVM,4,type,|DR|,0.04567165127331516,0.015105189582137865
SVM,4,type,EMA_inc_0.001,0.016695439857995775,0.010343264644726308
SVM,4,type,EMA_inc_0.01,0.2427563122359655,0.027934922370079353
SVM,4,type,EMA_inc_0.1,0.12120194158487682,0.016909745695777648
SVM,4,type,EMA_dec_0.001,0.02265739870990612,0.011605896175624745
SVM,4,type,EMA_dec_0.01,0.060653913119772196,0.016728957570540624
SVM,4,type,EMA_dec_0.1,0.16090216303942925,0.03213943910314461
SVM,4,family,"steady-state (DR, |DR|)",0.2349661360598591,0.058490387562123124
SVM,4,family,rising EMA,0.41820156181061,0.04001765482562625
SVM,4,family,decaying EMA,0.35019111714795403,0.05230245134349379
SVM,5,sensor,S01,0.08024302291469695,0.007051840152748625
SVM,5,sensor,S02,0.10132051426063118,0.01891279092298388
SVM,5,sensor,S03,-0.005924701749816697,0.0042319758120192095
SVM,5,sensor,S04,-0.011413332627608996,0.002856604880895177
SVM,5,sensor,S05,0.0003780629259098056,0.0011341887777294168
SVM,5,sensor,S06,0.0035806180128930666,0.0032853975924642407
SVM,5,sensor,S07,0.00857602392719271,0.008799725487727197
SVM,5,sensor,S08,0.003957934891660064,0.00552479832090158
SVM,5,sensor,S09,0.054596299374946713,0.011324223212893681
SVM,5,sensor,S10,0.01968155412521113,0.006733379430718203
SVM,5,sensor,S11,0.01904523983832407,0.009460000941720777
SVM,5,sensor,S12,0.00179538796767299,0.00533848452663846
SVM,5,sensor,S13,0.04025902031311466,0.004831752585301542
SVM,5,sensor,S14,0.04165301303444004,0.010389636805047729
SVM,5,sensor,S15,0.04732767994128726,0.012644084219185397
SVM,5,sensor,S16,0.0412811316109303,0.011460944374845435
SVM,5,type,DR,0.09107999888097434,0.01643069601228668
SVM,5,type,|DR|,0.05981822297904642,0.013305637290835049
SVM,5,type,EMA_inc_0.001,0.05033802093178583,0.008187619004723168
SVM,5,type,EMA_inc_0.01,0.25453944269391804,0.028206198891453142
SVM,5,type,EMA_inc_0.1,0.1053126473389187,0.012408106821165173
SVM,5,type,EMA_dec_0.001,0.015563056979175992,0.005974507941475766
SVM,5,type,EMA_dec_0.01,0.015450617572271152,0.006512504301012052
SVM,5,type,EMA_dec_0.1,0.1276277530877013,0.023845635666403516
SVM,5,family,"steady-state (DR, |DR|)",0.17370058648036837,0.011902676724433308
SVM,5,family,rising EMA,0.4487741207662359,0.026100101826639868
SVM,5,family,decaying EMA,0.3160570709053581,0.0385071000330887
SVM,6,sensor,S01,0.01910991049789882,0.0013575176017756267
SVM,6,sensor,S02,0.027594259748692195,0.0032377248169862716
SVM,6,sensor,S03,-0.006302970482362324,0.0011636281432798542
SVM,6,sensor,S04,-0.003262503146612561,0.001903315857484973
SVM,6,sensor,S05,-0.001275347959061457,0.0008542537609502723
SVM,6,sensor,S06,0.003058590756160484,0.000749906326045203
SVM,6,sensor,S07,-0.005311140448202423,0.0013598247890424418
SVM,6,sensor,S08,-0.005850252062081729,0.0014081381352946188
SVM,6,sensor,S09,0.005530201727167572,0.0018673983596913303
SVM,6,sensor,S10,0.008571514600686258,0.0011120267463061678
SVM,6,sensor,S11,-0.0018901246508964188,0.002763077070164598
SVM,6,sensor,S12,-0.0018516881127162987,0.001125270745754946
SVM,6,sensor,S13,0.042080976601081954,0.0017159135662076833
SVM,6,sensor,S14,0.044404283041433935,0.0035705180702472385
SVM,6,sensor,S15,0.0036901681461741108,0.0034545032708963993
SVM,6,sensor,S16,-0.0007327086628639123,0.001254657056605396
SVM,6,type,DR,0.11482028219734801,0.0032747650415796197
SVM,6,type,|DR|,0.06205772418751569,0.004071320950673074
SVM,6,type,EMA_inc_0.001,0.031333178268247865,0.002207911976334168
SVM,6,type,EMA_inc_0.01,0.14022750185603083,0.006633636115627495
SVM,6,type,EMA_inc_0.1,0.061214375241181763,0.0026541845720394306
SVM,6,type,EMA_dec_0.001,0.00689612757593675,0.0013187662194742785
SVM,6,type,EMA_dec_0.01,0.005706399897031489,0.0009477389742522389
SVM,6,type,EMA_dec_0.1,0.019205490657171677,0.0018836228621580639
SVM,6,family,"steady-state (DR, |DR|)",0.1437536838932051,0.006612157088224414
SVM,6,family,rising EMA,0.2927672313596474,0.008968343544682011
SVM,6,family,decaying EMA,0.0644435943559377,0.0059376813893346515
SVM,7,sensor,S01,0.029972635340518538,0.0012949743659651668
SVM,7,sensor,S02,0.07755597172313947,0.002683315180255981
SVM,7,sensor,S03,0.0181036886622599,0.0019932201617438874
SVM,7,sensor,S04,0.017364806640499886,0.0013167131499959136
SVM,7,sensor,S05,0.004020782420491964,0.002169897234967864
SVM,7,sensor,S06,0.013109084618056155,0.0017475998486622287
SVM,7,sensor,S07,0.01832908152959025,0.0031494650760458226
SVM,7,sensor,S08,0.016289989835264605,0.002396328466666842
SVM,7,sensor,S09,0.06785850304913463,0.003697860677826267
SVM,7,sensor,S10,0.039685550492764385,0.0030162241727435903
SVM,7,sensor,S11,0.041261136679668874,0.002494988143635646
SVM,7,sensor,S12,0.03621651103389849,0.00162247534692809
SVM,7,sensor,S13,0.05859935938197079,0.0035199486525210777
SVM,7,sensor,S14,0.06547475490352815,0.0031330236876527793
SVM,7,sensor,S15,0.053553893291215085,0.0025929342430025776
SVM,7,sensor,S16,0.04666588819371047,0.003247592585011278
SVM,7,type,DR,0.17890324658787657,0.004010092001814204
SVM,7,type,|DR|,0.06540616968207599,0.002942420942351189
SVM,7,type,EMA_inc_0.001,0.013977448926163571,0.0030472607629575417
SVM,7,type,EMA_inc_0.01,0.12944717467758063,0.00586344101581599
SVM,7,type,EMA_inc_0.1,0.09882261314661162,0.004014545056982153
SVM,7,type,EMA_dec_0.001,0.015880287637280964,0.0021539028113120792
SVM,7,type,EMA_dec_0.01,0.015133590383845087,0.0021573037970542283
SVM,7,type,EMA_dec_0.1,0.07046913480299102,0.003351460121289489
SVM,7,family,"steady-state (DR, |DR|)",0.19300797039767903,0.004023206720872258
SVM,7,family,rising EMA,0.2808615617129021,0.006249301315352288
SVM,7,family,decaying EMA,0.13606502317186625,0.003145602879359691
SVM,8,sensor,S01,0.00026825931696121684,0.0014539456884714458
SVM,8,sensor,S02,0.020896186611883867,0.014032412072840686
SVM,8,sensor,S03,0.004467727869087413,0.0033733256984228525
SVM,8,sensor,S04,0.009014388307326881,0.0036585123566302436
SVM,8,sensor,S05,0.035662255000474,0.00896845829953386
SVM,8,sensor,S06,0.031043644347504774,0.011547859163825563
SVM,8,sensor,S07,0.005489693070408974,0.005754140581748393
SVM,8,sensor,S08,-0.004399210414051513,0.009416663442905706
SVM,8,sensor,S09,0.029304317909881455,0.006868602045493297
SVM,8,sensor,S10,0.03518864150857949,0.00867235541555395
SVM,8,sensor,S11,0.014372278681900042,0.004704007201188425
SVM,8,sensor,S12,0.009603196836505934,0.004213760154738156
SVM,8,sensor,S13,0.09460149135271557,0.014321695449019891
SVM,8,sensor,S14,0.09983308108668057,0.018105257562077728
SVM,8,sensor,S15,0.013519245668157953,0.006487419865897031
SVM,8,sensor,S16,0.012745334869044578,0.006313178828950659
SVM,8,type,DR,0.16378922737738635,0.01736837282393034
SVM,8,type,|DR|,-0.007873297197039742,0.013241196931787179
SVM,8,type,EMA_inc_0.001,0.026662665773208038,0.009745856959217843
SVM,8,type,EMA_inc_0.01,0.045113774356648664,0.00918392863363991
SVM,8,type,EMA_inc_0.1,0.024941044576729764,0.007120243726405402
SVM,8,type,EMA_dec_0.001,0.011576275700057714,0.006609526451888122
SVM,8,type,EMA_dec_0.01,-0.0020964593713330816,0.004060492776490488
SVM,8,type,EMA_dec_0.1,-0.005278482037094556,0.008132478396862179
SVM,8,family,"steady-state (DR, |DR|)",0.16787084630249702,0.01790130080010765
SVM,8,family,rising EMA,0.272193062991117,0.01575623808301383
SVM,8,family,decaying EMA,0.06376044219815298,0.017207240098537614
SVM,9,sensor,S01,0.024097880108719705,0.007539230131393103
SVM,9,sensor,S02,0.07606189452309677,0.00579742683198776
SVM,9,sensor,S03,0.012136280814632338,0.002388900246347869
SVM,9,sensor,S04,0.012601444599568568,0.001636356842293288
SVM,9,sensor,S05,0.01563870217782707,0.005869738942625328
SVM,9,sensor,S06,0.014171072016614439,0.0037844457261277547
SVM,9,sensor,S07,0.015502537006249961,0.0017439306210494175
SVM,9,sensor,S08,0.01793968240566335,0.002485892358643736
SVM,9,sensor,S09,0.07228712035306507,0.009778241097332543
SVM,9,sensor,S10,0.04224959885082349,0.0078418161465606
SVM,9,sensor,S11,0.010012351983004653,0.0027956980529535913
SVM,9,sensor,S12,0.005959184821339591,0.0018597281609207493
SVM,9,sensor,S13,0.07884215213875323,0.01306759450520429
SVM,9,sensor,S14,0.08764688809981654,0.006171026769482807
SVM,9,sensor,S15,0.015975279122965223,0.0016549421757773158
SVM,9,sensor,S16,0.016584825995953612,0.00152609490068871
SVM,9,type,DR,0.34026598908741823,0.01695632237102737
SVM,9,type,|DR|,0.07070550903274833,0.00849171617375264
SVM,9,type,EMA_inc_0.001,0.060606031569122795,0.011215398607624041
SVM,9,type,EMA_inc_0.01,0.13232569741111738,0.017521016841037775
SVM,9,type,EMA_inc_0.1,0.05091304146915855,0.0041984784363273565
SVM,9,type,EMA_dec_0.001,0.040047287225037254,0.0073887246478459845
SVM,9,type,EMA_dec_0.01,0.038612829094682645,0.0056145810956710245
SVM,9,type,EMA_dec_0.1,0.021938642990094136,0.005111596532637819
SVM,9,family,"steady-state (DR, |DR|)",0.2943276232010044,0.013221411487177414
SVM,9,family,rising EMA,0.2853952479411602,0.016848385722020694
SVM,9,family,decaying EMA,0.1218304656949227,0.013950394070722804
SVM,10,sensor,S01,0.030737752492388748,0.00396245664324488
SVM,10,sensor,S02,0.060981646525693746,0.004773621007880552
SVM,10,sensor,S03,0.023945522424408734,0.003420375182512796
SVM,10,sensor,S04,0.013879188045057157,0.0007944730963838154
SVM,10,sensor,S05,0.01625283775133033,0.001727357212966719
SVM,10,sensor,S06,0.042442022575723735,0.0030739475481138382
SVM,10,sensor,S07,0.011326298464920231,0.003500150196565342
SVM,10,sensor,S08,0.002280665962353262,0.003120174552149222
SVM,10,sensor,S09,0.043921139208188256,0.005776057037532639
SVM,10,sensor,S10,0.024246678603649298,0.002937412731231932
SVM,10,sensor,S11,0.037079881260092255,0.0027252078000309663
SVM,10,sensor,S12,0.030632457896364575,0.002779612951611294
SVM,10,sensor,S13,0.06187912151605298,0.005126440164304716
SVM,10,sensor,S14,0.08765008591523268,0.0051792625264186236
SVM,10,sensor,S15,0.03622404508384469,0.0032541632508656312
SVM,10,sensor,S16,0.02975491791287127,0.0023719718669829217
SVM,10,type,DR,0.16655044988260662,0.00525772714368386
SVM,10,type,|DR|,0.07723201368564717,0.0033811064000513836
SVM,10,type,EMA_inc_0.001,0.00571968399575955,0.0027776874358677282
SVM,10,type,EMA_inc_0.01,0.031090100785958714,0.003193406714613461
SVM,10,type,EMA_inc_0.1,0.027593610787578503,0.0019106045411205893
SVM,10,type,EMA_dec_0.001,0.07355312980943125,0.004677281135550275
SVM,10,type,EMA_dec_0.01,0.047633486633115306,0.002571102535570079
SVM,10,type,EMA_dec_0.1,0.0697332673481178,0.0022186801850112414
SVM,10,family,"steady-state (DR, |DR|)",0.18799797502475746,0.004102087803611583
SVM,10,family,rising EMA,0.10564923859299835,0.005055815878202243
SVM,10,family,decaying EMA,0.1484321809848223,0.004363598869821397
