group,Random Forest,SVM
S01,0.038968427297814245,0.028492500060342384
S02,0.05019176486052592,0.05902634240601057
S03,0.005432272024802928,0.011873413161519828
S04,0.014449190929054185,0.0035368973333611714
S05,-0.0003351784731781288,0.010504496057449386
S06,0.006379732536329899,0.016313520403942957
S07,-0.0031279423929170577,0.021605947835669857
S08,-0.0032537086204045295,0.019809741833204143
S09,0.0261701127336752,0.047725237491707144
S10,0.011022413944502726,0.02867868730456429
S11,0.004862844022964258,0.029634984749608358
S12,0.002400156422523486,0.01668693042457537
S13,0.01951261834914216,0.06199814425959159
S14,0.013919059724072013,0.06647042741539556
S15,0.005232961473667643,0.036821617181804586
S16,0.007635162913911814,0.03258291823670578
