sensor,mean_logF,median_F,mean_drift
S01,2.9146582694402854,1206.2880964630156,1.7737387107935496
S02,3.0304347266661296,1451.5513666325478,1.494831211467099
S03,2.122503764776824,178.7850176315659,0.659617155046063
S04,1.7258753210482307,118.44322999448403,0.7163273619051177
S05,1.6547997166322703,75.7303091922812,1.1931738371005283
S06,1.5434781676212503,65.91885016785068,1.137374015306381
S07,2.059040992281722,193.10908048405497,0.7901719144456438
S08,2.0467345026500134,193.24839984583002,0.8436418984065652
S09,3.02210391222719,1042.9018533095818,2.2418464582707966
S10,2.9187621851630174,819.0315446614134,2.72981801093079
S11,2.4505871661310707,300.6199633406422,0.8089362634505496
S12,2.3350770707636497,239.21488456115105,0.8219631219845888
S13,2.025623498164721,121.81192000890502,1.061406881172379
S14,1.9889092243083626,103.82233354584952,0.9025409848806316
S15,2.427692791388978,242.02250772772163,0.8154718466447309
S16,2.402893106651978,227.18520580952207,0.8333949848687272
