model,fraction kept,all features,random mean,random 5-95%,stable,stable beats x% of random,discriminative,discriminative beats x% of random,balanced,balanced beats x% of random
SVM,0.25,0.6895110922742395,0.6533068845656431,0.598-0.706,0.5495062243832357,0.0,0.5137626627891628,0.0,0.49335698904046327,0.0
SVM,0.5,0.6895110922742395,0.6781626033323914,0.651-0.697,0.6832400595829562,56.00000000000001,0.5843175615656783,0.0,0.5652494455817579,0.0
SVM,0.75,0.6895110922742395,0.6830419573944044,0.669-0.695,0.683146405735298,54.0,0.6796364451556967,36.0,0.6818383454341691,48.0
Random Forest,0.25,0.517656104902769,0.496817778718339,0.437-0.558,0.5627947778503853,96.0,0.4646843602652698,16.0,0.4598351024980939,12.0
Random Forest,0.5,0.517656104902769,0.5212089301723319,0.464-0.577,0.6389836414396901,100.0,0.4564542137722642,2.0,0.47335896591642806,10.0
Random Forest,0.75,0.517656104902769,0.5142929657537326,0.467-0.554,0.5878319214507357,100.0,0.5197019819868118,57.99999999999999,0.5394308277060772,84.0
kNN,0.25,0.6086628203341765,0.5862868447649876,0.529-0.636,0.4919467505434793,0.0,0.5150170278567112,2.0,0.5049203072786707,0.0
kNN,0.5,0.6086628203341765,0.6071818896157763,0.574-0.640,0.5925642894829506,28.000000000000004,0.5804290987282308,14.000000000000002,0.5514005704499898,2.0
kNN,0.75,0.6086628203341765,0.6084394409787275,0.582-0.641,0.6544515096828766,100.0,0.6243319910757555,78.0,0.6191481189353828,72.0
