model,rule,frac,seed,macro_f1
Random Forest,all,1.0,0,0.517656104902769
Random Forest,balanced,0.25,0,0.4598351024980939
Random Forest,balanced,0.5,0,0.47335896591642806
Random Forest,balanced,0.75,0,0.5394308277060772
Random Forest,discriminative,0.25,0,0.4646843602652698
Random Forest,discriminative,0.5,0,0.4564542137722642
Random Forest,discriminative,0.75,0,0.5197019819868118
Random Forest,random,0.25,0,0.5582276869694701
Random Forest,random,0.25,1,0.4716862864929651
Random Forest,random,0.25,2,0.5153115914280297
Random Forest,random,0.25,3,0.5189321179258656
Random Forest,random,0.25,4,0.5406586475570008
Random Forest,random,0.25,5,0.487932605136281
Random Forest,random,0.25,6,0.45526849103173
Random Forest,random,0.25,7,0.5061196926477957
Random Forest,random,0.25,8,0.4275864344040122
Random Forest,random,0.25,9,0.48976007278267303
Random Forest,random,0.25,10,0.5531087766443052
Random Forest,random,0.25,11,0.4866675839326758
Random Forest,random,0.25,12,0.5432213341795179
Random Forest,random,0.25,13,0.5571673993611356
Random Forest,random,0.25,14,0.47038950937119334
Random Forest,random,0.25,15,0.4951452660595735
Random Forest,random,0.25,16,0.5115818088048851
Random Forest,random,0.25,17,0.48904061674802846
Random Forest,random,0.25,18,0.4784074401880874
Random Forest,random,0.25,19,0.5265608737021545
Random Forest,random,0.25,20,0.43029485453812155
Random Forest,random,0.25,21,0.4709816518852783
Random Forest,random,0.25,22,0.5312656686491257
Random Forest,random,0.25,23,0.42240107620442097
Random Forest,random,0.25,24,0.5058732350046801
Random Forest,random,0.25,25,0.48808024877247397
Random Forest,random,0.25,26,0.46497755198867585
Random Forest,random,0.25,27,0.4446703987118066
Random Forest,random,0.25,28,0.5065204719122244
Random Forest,random,0.25,29,0.4832957982827792
Random Forest,random,0.25,30,0.5066118521486788
Random Forest,random,0.25,31,0.5369464466161691
Random Forest,random,0.25,32,0.4719318839959424
Random Forest,random,0.25,33,0.48745420450675075
Random Forest,random,0.25,34,0.4813285783430649
Random Forest,random,0.25,35,0.5800484479001161
Random Forest,random,0.25,36,0.4539795168603948
Random Forest,random,0.25,37,0.4919110021465985
Random Forest,random,0.25,38,0.4685268468685645
Random Forest,random,0.25,39,0.4895035762317607
Random Forest,random,0.25,40,0.5702865706140977
Random Forest,random,0.25,41,0.46389300324609267
Random Forest,random,0.25,42,0.5121235056447687
Random Forest,random,0.25,43,0.5554414006332441
Random Forest,random,0.25,44,0.4620605017269398
Random Forest,random,0.25,45,0.49502665181682426
Random Forest,random,0.25,46,0.5029352064619663
Random Forest,random,0.25,47,0.49961999963381093
Random Forest,random,0.25,48,0.5073517053634077
Random Forest,random,0.25,49,0.4727728438407902
Random Forest,random,0.5,0,0.6126416604300251
Random Forest,random,0.5,1,0.47259661733611047
Random Forest,random,0.5,2,0.5013148308047332
Random Forest,random,0.5,3,0.5503484196527614
Random Forest,random,0.5,4,0.5512567079346918
Random Forest,random,0.5,5,0.5812133538714647
Random Forest,random,0.5,6,0.5223185505258762
Random Forest,random,0.5,7,0.5720620647507612
Random Forest,random,0.5,8,0.49980595119996124
Random Forest,random,0.5,9,0.5084614966975579
Random Forest,random,0.5,10,0.5869662295931233
Random Forest,random,0.5,11,0.49214719454481054
Random Forest,random,0.5,12,0.556858645095225
Random Forest,random,0.5,13,0.5411786024715475
Random Forest,random,0.5,14,0.5153733775220269
Random Forest,random,0.5,15,0.49941732011253986
Random Forest,random,0.5,16,0.5225689248515365
Random Forest,random,0.5,17,0.5249614015227531
Random Forest,random,0.5,18,0.49804893762050545
Random Forest,random,0.5,19,0.522886264287534
Random Forest,random,0.5,20,0.426430920927381
Random Forest,random,0.5,21,0.5211521491076406
Random Forest,random,0.5,22,0.5291220409027977
Random Forest,random,0.5,23,0.5264852331422134
Random Forest,random,0.5,24,0.5491083882050332
Random Forest,random,0.5,25,0.5263521117957491
Random Forest,random,0.5,26,0.48102067309437707
Random Forest,random,0.5,27,0.4621939087056969
Random Forest,random,0.5,28,0.47894850131990113
Random Forest,random,0.5,29,0.5284553617895412
Random Forest,random,0.5,30,0.5665272274109064
Random Forest,random,0.5,31,0.5387665180431769
Random Forest,random,0.5,32,0.5386920921426441
Random Forest,random,0.5,33,0.46310500098212587
Random Forest,random,0.5,34,0.525967132901209
Random Forest,random,0.5,35,0.5117085569307026
Random Forest,random,0.5,36,0.49404034746048264
Random Forest,random,0.5,37,0.505867407659075
Random Forest,random,0.5,38,0.5220413233559559
Random Forest,random,0.5,39,0.49797024777989757
Random Forest,random,0.5,40,0.5552910147753808
Random Forest,random,0.5,41,0.46438875660927037
Random Forest,random,0.5,42,0.4817251586729652
Random Forest,random,0.5,43,0.4811584304535978
Random Forest,random,0.5,44,0.5101262442350533
Random Forest,random,0.5,45,0.540179637298008
Random Forest,random,0.5,46,0.5667923276653252
Random Forest,random,0.5,47,0.569781875100727
Random Forest,random,0.5,48,0.5332996764516297
Random Forest,random,0.5,49,0.5313216928725886
Random Forest,random,0.75,0,0.5177823351469837
Random Forest,random,0.75,1,0.5434755090502966
Random Forest,random,0.75,2,0.524777905949476
Random Forest,random,0.75,3,0.5189326953855786
Random Forest,random,0.75,4,0.5591581379081938
Random Forest,random,0.75,5,0.5116497066251814
Random Forest,random,0.75,6,0.5300259352615816
Random Forest,random,0.75,7,0.5467480099363173
Random Forest,random,0.75,8,0.5340520251777574
Random Forest,random,0.75,9,0.5107724557220862
Random Forest,random,0.75,10,0.5143687439521625
Random Forest,random,0.75,11,0.448690038684101
Random Forest,random,0.75,12,0.5570164486448035
Random Forest,random,0.75,13,0.506019726122252
Random Forest,random,0.75,14,0.5249209871371691
Random Forest,random,0.75,15,0.5120611243334544
Random Forest,random,0.75,16,0.4963886242897136
Random Forest,random,0.75,17,0.5391887518117614
Random Forest,random,0.75,18,0.48928421151790696
Random Forest,random,0.75,19,0.5304897661109116
Random Forest,random,0.75,20,0.5037555903802422
Random Forest,random,0.75,21,0.49217518484970785
Random Forest,random,0.75,22,0.5070533601675475
Random Forest,random,0.75,23,0.5039437968977548
Random Forest,random,0.75,24,0.5631484703448904
Random Forest,random,0.75,25,0.49506032808374434
Random Forest,random,0.75,26,0.46368085069988746
Random Forest,random,0.75,27,0.48439752908280587
Random Forest,random,0.75,28,0.5029720876814731
Random Forest,random,0.75,29,0.4704114872120653
Random Forest,random,0.75,30,0.5276125444723234
Random Forest,random,0.75,31,0.5380462497720099
Random Forest,random,0.75,32,0.5508097938712658
Random Forest,random,0.75,33,0.5349034513133037
Random Forest,random,0.75,34,0.5263987577591253
Random Forest,random,0.75,35,0.5118461056572158
Random Forest,random,0.75,36,0.531796283971134
Random Forest,random,0.75,37,0.4574343974315279
Random Forest,random,0.75,38,0.5374013719607129
Random Forest,random,0.75,39,0.498081505147966
Random Forest,random,0.75,40,0.5089413425945732
Random Forest,random,0.75,41,0.49262523360322125
Random Forest,random,0.75,42,0.4890209710945629
Random Forest,random,0.75,43,0.5439141479741141
Random Forest,random,0.75,44,0.5461796910320061
Random Forest,random,0.75,45,0.47995441034010694
Random Forest,random,0.75,46,0.49263050406215314
Random Forest,random,0.75,47,0.519227178759846
Random Forest,random,0.75,48,0.5039567412279536
Random Forest,random,0.75,49,0.5214657814737051
Random Forest,stable,0.25,0,0.5627947778503853
Random Forest,stable,0.5,0,0.6389836414396901
Random Forest,stable,0.75,0,0.5878319214507357
SVM,all,1.0,0,0.6895110922742395
SVM,balanced,0.25,0,0.49335698904046327
SVM,balanced,0.5,0,0.5652494455817579
SVM,balanced,0.75,0,0.6818383454341691
SVM,discriminative,0.25,0,0.5137626627891628
SVM,discriminative,0.5,0,0.5843175615656783
SVM,discriminative,0.75,0,0.6796364451556967
SVM,random,0.25,0,0.6787672689774039
SVM,random,0.25,1,0.5949714144135924
SVM,random,0.25,2,0.6467467383948106
SVM,random,0.25,3,0.6236530890998889
SVM,random,0.25,4,0.6855363188790518
SVM,random,0.25,5,0.6752986699536113
SVM,random,0.25,6,0.6105462912146303
SVM,random,0.25,7,0.5989652174715389
SVM,random,0.25,8,0.6273349521092771
SVM,random,0.25,9,0.6761171540894731
SVM,random,0.25,10,0.6957115164788734
SVM,random,0.25,11,0.5970148790912109
SVM,random,0.25,12,0.6718869536288011
SVM,random,0.25,13,0.7142439259000408
SVM,random,0.25,14,0.65848005104685
SVM,random,0.25,15,0.6797416599880609
SVM,random,0.25,16,0.679068906493555
SVM,random,0.25,17,0.6373012892969939
SVM,random,0.25,18,0.6529188563668968
SVM,random,0.25,19,0.6830793923610698
SVM,random,0.25,20,0.5962442971840541
SVM,random,0.25,21,0.6690253631707505
SVM,random,0.25,22,0.714889626689818
SVM,random,0.25,23,0.6330172529497365
SVM,random,0.25,24,0.6370652950442668
SVM,random,0.25,25,0.6473823886703153
SVM,random,0.25,26,0.6188605838586474
SVM,random,0.25,27,0.6490071201992341
SVM,random,0.25,28,0.624310225292508
SVM,random,0.25,29,0.6418312328353154
SVM,random,0.25,30,0.6763721210617633
SVM,random,0.25,31,0.6649006582136027
SVM,random,0.25,32,0.6705640694196194
SVM,random,0.25,33,0.6636651972368945
SVM,random,0.25,34,0.6228244864295581
SVM,random,0.25,35,0.6449545673636166
SVM,random,0.25,36,0.6871554460788067
SVM,random,0.25,37,0.6418402256369976
SVM,random,0.25,38,0.656448199504582
SVM,random,0.25,39,0.6296068497132493
SVM,random,0.25,40,0.6475021575020524
SVM,random,0.25,41,0.672655002796977
SVM,random,0.25,42,0.6505250791131657
SVM,random,0.25,43,0.6936210015139312
SVM,random,0.25,44,0.6127151606351064
SVM,random,0.25,45,0.6518009092906355
SVM,random,0.25,46,0.7116109649687509
SVM,random,0.25,47,0.61914038421337
SVM,random,0.25,48,0.6990411547932879
SVM,random,0.25,49,0.6293826616459103
SVM,random,0.5,0,0.6909289244353725
SVM,random,0.5,1,0.6661363142778054
SVM,random,0.5,2,0.6812095912621682
SVM,random,0.5,3,0.6979351956978483
SVM,random,0.5,4,0.6848845369084039
SVM,random,0.5,5,0.6932900041469229
SVM,random,0.5,6,0.6692385435794914
SVM,random,0.5,7,0.6756402890074679
SVM,random,0.5,8,0.655126504066815
SVM,random,0.5,9,0.6680693015680542
SVM,random,0.5,10,0.6941108636119612
SVM,random,0.5,11,0.6812292165060566
SVM,random,0.5,12,0.7072296356627027
SVM,random,0.5,13,0.6764784099170041
SVM,random,0.5,14,0.6884084353397016
SVM,random,0.5,15,0.6740020640685046
SVM,random,0.5,16,0.6913923686387886
SVM,random,0.5,17,0.6853542247130829
SVM,random,0.5,18,0.6637702042669601
SVM,random,0.5,19,0.6900903682958026
SVM,random,0.5,20,0.6288718184464749
SVM,random,0.5,21,0.6790839422001913
SVM,random,0.5,22,0.6854924017997217
SVM,random,0.5,23,0.6919088466872502
SVM,random,0.5,24,0.6963054022227023
SVM,random,0.5,25,0.6782376198112804
SVM,random,0.5,26,0.6869326828821996
SVM,random,0.5,27,0.6732370269638259
SVM,random,0.5,28,0.6872013115258194
SVM,random,0.5,29,0.6749621785582854
SVM,random,0.5,30,0.6897593137446341
SVM,random,0.5,31,0.6842360248325751
SVM,random,0.5,32,0.6941938176447434
SVM,random,0.5,33,0.6798003952297123
SVM,random,0.5,34,0.6434963317773044
SVM,random,0.5,35,0.6653953506959142
SVM,random,0.5,36,0.6600427246543682
SVM,random,0.5,37,0.6785913083599947
SVM,random,0.5,38,0.6739090847157263
SVM,random,0.5,39,0.6963336393030733
SVM,random,0.5,40,0.6843111093657308
SVM,random,0.5,41,0.6684025244370656
SVM,random,0.5,42,0.6602259695825582
SVM,random,0.5,43,0.6779469408252895
SVM,random,0.5,44,0.6537682571991124
SVM,random,0.5,45,0.6619354629557758
SVM,random,0.5,46,0.690832505169147
SVM,random,0.5,47,0.6484899351383909
SVM,random,0.5,48,0.7079986405455502
SVM,random,0.5,49,0.6717026033742394
SVM,random,0.75,0,0.689693999608595
SVM,random,0.75,1,0.6844267688989877
SVM,random,0.75,2,0.6829321951964541
SVM,random,0.75,3,0.6934770433184801
SVM,random,0.75,4,0.6820334676553823
SVM,random,0.75,5,0.669129681571092
SVM,random,0.75,6,0.6808362165781713
SVM,random,0.75,7,0.6957590861944728
SVM,random,0.75,8,0.6639304126649433
SVM,random,0.75,9,0.693654348152528
SVM,random,0.75,10,0.678686961001366
SVM,random,0.75,11,0.6876236511682576
SVM,random,0.75,12,0.699711763824291
SVM,random,0.75,13,0.6895689803751389
SVM,random,0.75,14,0.6896627478124626
SVM,random,0.75,15,0.680061153788566
SVM,random,0.75,16,0.6918776464735992
SVM,random,0.75,17,0.6883650774541853
SVM,random,0.75,18,0.6714897132458051
SVM,random,0.75,19,0.6866630577425504
SVM,random,0.75,20,0.6773647080880624
SVM,random,0.75,21,0.6792208698744356
SVM,random,0.75,22,0.6810527069810662
SVM,random,0.75,23,0.6884463525981783
SVM,random,0.75,24,0.6935193530319578
SVM,random,0.75,25,0.6775595206075832
SVM,random,0.75,26,0.6824422833015662
SVM,random,0.75,27,0.6854826613848878
SVM,random,0.75,28,0.6813960795551006
SVM,random,0.75,29,0.6689248519947008
SVM,random,0.75,30,0.694374569216141
SVM,random,0.75,31,0.694990891858804
SVM,random,0.75,32,0.67776089203328
SVM,random,0.75,33,0.686001469612796
SVM,random,0.75,34,0.6774829176480207
SVM,random,0.75,35,0.6729107241476473
SVM,random,0.75,36,0.6898976616937805
SVM,random,0.75,37,0.6682785592160033
SVM,random,0.75,38,0.6806403134319867
SVM,random,0.75,39,0.6893424641955642
SVM,random,0.75,40,0.6789764855069612
SVM,random,0.75,41,0.6807718050710763
SVM,random,0.75,42,0.6739563237351094
SVM,random,0.75,43,0.6893198964817353
SVM,random,0.75,44,0.6776082635141024
SVM,random,0.75,45,0.6734729472147768
SVM,random,0.75,46,0.6923725009320343
SVM,random,0.75,47,0.6677087555456567
SVM,random,0.75,48,0.6945099664428044
SVM,random,0.75,49,0.6767271020790766
SVM,stable,0.25,0,0.5495062243832357
SVM,stable,0.5,0,0.6832400595829562
SVM,stable,0.75,0,0.683146405735298
kNN,all,1.0,0,0.6086628203341765
kNN,balanced,0.25,0,0.5049203072786707
kNN,balanced,0.5,0,0.5514005704499898
kNN,balanced,0.75,0,0.6191481189353828
kNN,discriminative,0.25,0,0.5150170278567112
kNN,discriminative,0.5,0,0.5804290987282308
kNN,discriminative,0.75,0,0.6243319910757555
kNN,random,0.25,0,0.6277299237475112
kNN,random,0.25,1,0.596120942869657
kNN,random,0.25,2,0.579188419094886
kNN,random,0.25,3,0.5253219696741666
kNN,random,0.25,4,0.6056313699272097
kNN,random,0.25,5,0.6112060143690915
kNN,random,0.25,6,0.5371915668945334
kNN,random,0.25,7,0.5689033088929188
kNN,random,0.25,8,0.5841021724103034
kNN,random,0.25,9,0.5701006449868935
kNN,random,0.25,10,0.6343301204885591
kNN,random,0.25,11,0.5592504813984196
kNN,random,0.25,12,0.6267737969523594
kNN,random,0.25,13,0.6039042119332577
kNN,random,0.25,14,0.5486019694349072
kNN,random,0.25,15,0.6293401269417858
kNN,random,0.25,16,0.5944684167975328
kNN,random,0.25,17,0.5209364454659705
kNN,random,0.25,18,0.5821745174193884
kNN,random,0.25,19,0.6136326009049843
kNN,random,0.25,20,0.5458148238037596
kNN,random,0.25,21,0.5840258062762819
kNN,random,0.25,22,0.5719859532598657
kNN,random,0.25,23,0.5787522646610809
kNN,random,0.25,24,0.5818494677197281
kNN,random,0.25,25,0.5919559775470559
kNN,random,0.25,26,0.579194320340287
kNN,random,0.25,27,0.5541680545182585
kNN,random,0.25,28,0.5701953194948304
kNN,random,0.25,29,0.6224300886595392
kNN,random,0.25,30,0.5894029885188458
kNN,random,0.25,31,0.5841932657426291
kNN,random,0.25,32,0.5842342486927162
kNN,random,0.25,33,0.6068025769982224
kNN,random,0.25,34,0.5977120260992096
kNN,random,0.25,35,0.6519974459075024
kNN,random,0.25,36,0.5965480894458569
kNN,random,0.25,37,0.578017428532377
kNN,random,0.25,38,0.6307053621686123
kNN,random,0.25,39,0.5345682034445564
kNN,random,0.25,40,0.5133341631974668
kNN,random,0.25,41,0.5772168111985361
kNN,random,0.25,42,0.5917595575311213
kNN,random,0.25,43,0.6366010517293736
kNN,random,0.25,44,0.5685397489682653
kNN,random,0.25,45,0.5950207568730487
kNN,random,0.25,46,0.6315404458834489
kNN,random,0.25,47,0.5652976222661009
kNN,random,0.25,48,0.6402608469096703
kNN,random,0.25,49,0.5413085012567963
kNN,random,0.5,0,0.6086887528369231
kNN,random,0.5,1,0.598402421278449
kNN,random,0.5,2,0.5878957916852098
kNN,random,0.5,3,0.5844679274899823
kNN,random,0.5,4,0.6133877283872805
kNN,random,0.5,5,0.6551305572597083
kNN,random,0.5,6,0.5885102430316856
kNN,random,0.5,7,0.6392136416730257
kNN,random,0.5,8,0.5496199930223596
kNN,random,0.5,9,0.601272782638417
kNN,random,0.5,10,0.6273654200695813
kNN,random,0.5,11,0.5823218675068371
kNN,random,0.5,12,0.6244576877361173
kNN,random,0.5,13,0.587210182234364
kNN,random,0.5,14,0.5774696060690067
kNN,random,0.5,15,0.6391530319156596
kNN,random,0.5,16,0.6250861588819621
kNN,random,0.5,17,0.5762449448176704
kNN,random,0.5,18,0.6147052319383537
kNN,random,0.5,19,0.6281527152313678
kNN,random,0.5,20,0.5634358982381258
kNN,random,0.5,21,0.6333875182470614
kNN,random,0.5,22,0.6299579168491263
kNN,random,0.5,23,0.596958462340753
kNN,random,0.5,24,0.6387871974172388
kNN,random,0.5,25,0.6122244020129045
kNN,random,0.5,26,0.6017060282452238
kNN,random,0.5,27,0.6077342683552306
kNN,random,0.5,28,0.595540115013056
kNN,random,0.5,29,0.6170996102577168
kNN,random,0.5,30,0.6153283759897766
kNN,random,0.5,31,0.6403761172761474
kNN,random,0.5,32,0.6345748747186281
kNN,random,0.5,33,0.5915749388452262
kNN,random,0.5,34,0.6218172439514029
kNN,random,0.5,35,0.6004422725932776
kNN,random,0.5,36,0.5721347448886842
kNN,random,0.5,37,0.5849489055884716
kNN,random,0.5,38,0.637859421604214
kNN,random,0.5,39,0.6089761893358634
kNN,random,0.5,40,0.598689971636561
kNN,random,0.5,41,0.5796156810189561
kNN,random,0.5,42,0.6035077759229084
kNN,random,0.5,43,0.6139972929887042
kNN,random,0.5,44,0.5757095864690814
kNN,random,0.5,45,0.5986654426428982
kNN,random,0.5,46,0.6109599158122132
kNN,random,0.5,47,0.6114714145680311
kNN,random,0.5,48,0.612171096973773
kNN,random,0.5,49,0.6406851152835985
kNN,random,0.75,0,0.6105498947444802
kNN,random,0.75,1,0.617820209469041
kNN,random,0.75,2,0.6048949297716127
kNN,random,0.75,3,0.609748421554389
kNN,random,0.75,4,0.6340345916399618
kNN,random,0.75,5,0.6089443091372191
kNN,random,0.75,6,0.5951527603301795
kNN,random,0.75,7,0.6234400507439403
kNN,random,0.75,8,0.578814684738095
kNN,random,0.75,9,0.5933101457523173
kNN,random,0.75,10,0.6253875242154251
kNN,random,0.75,11,0.5955472940575556
kNN,random,0.75,12,0.6079957867631786
kNN,random,0.75,13,0.5975831556411026
kNN,random,0.75,14,0.6003100755291481
kNN,random,0.75,15,0.6456022724211751
kNN,random,0.75,16,0.6424419536888355
kNN,random,0.75,17,0.6008245692450612
kNN,random,0.75,18,0.615075980019517
kNN,random,0.75,19,0.64012876267968
kNN,random,0.75,20,0.5681385965844286
kNN,random,0.75,21,0.6301147004518886
kNN,random,0.75,22,0.6028898284596486
kNN,random,0.75,23,0.5948293650338957
kNN,random,0.75,24,0.6256142318136276
kNN,random,0.75,25,0.6084620767074066
kNN,random,0.75,26,0.5971687326916362
kNN,random,0.75,27,0.630867929361701
kNN,random,0.75,28,0.5997718783847595
kNN,random,0.75,29,0.6180950923808369
kNN,random,0.75,30,0.6356313502704111
kNN,random,0.75,31,0.6035899505796605
kNN,random,0.75,32,0.6380666706438509
kNN,random,0.75,33,0.6039027793204375
kNN,random,0.75,34,0.6196602261522388
kNN,random,0.75,35,0.6076328560807275
kNN,random,0.75,36,0.642306112713583
kNN,random,0.75,37,0.5816215218532123
kNN,random,0.75,38,0.6227554463198368
kNN,random,0.75,39,0.5996779457443149
kNN,random,0.75,40,0.5980187703217016
kNN,random,0.75,41,0.5955096874837782
kNN,random,0.75,42,0.5936758732827985
kNN,random,0.75,43,0.5942313996370778
kNN,random,0.75,44,0.5952846220939413
kNN,random,0.75,45,0.5839682761514597
kNN,random,0.75,46,0.6025720771502442
kNN,random,0.75,47,0.6023470087336905
kNN,random,0.75,48,0.5819154028336887
kNN,random,0.75,49,0.5960442675579759
kNN,stable,0.25,0,0.4919467505434793
kNN,stable,0.5,0,0.5925642894829506
kNN,stable,0.75,0,0.6544515096828766
