configuration,macro-F1,CI two-level lo,CI two-level hi,CI conditional lo,CI conditional hi
SVM|raw|default,0.6895110922742393,0.566567257822937,0.8211231757334064,0.6789518401287123,0.6990494849313162
kNN|raw|default,0.6086628203341765,0.5281391605317691,0.6966152335201508,0.5925638856781531,0.6212185732451039
Random Forest|raw|default,0.5176561049027689,0.3644569704696391,0.6717722680969336,0.5042472005939941,0.5292450134020226
Gradient Boosting|raw|default,0.49525185070147026,0.3266931079507165,0.686554348218388,0.4810581167005523,0.5071710265784017
AdaBoost|raw|default,0.4883809200236752,0.3401949312060006,0.6575079815330129,0.4722694592009518,0.5014772971758278
Naive Bayes|raw|default,0.4614313313443329,0.26614597289028513,0.6610893146539305,0.4477161494355106,0.472827700615423
Decision Tree|raw|default,0.4084513841811322,0.26714789529688576,0.5573304449415739,0.39326134225301124,0.421484894930491
SVM|raw|tuned,0.6702744623156504,0.5469891000814407,0.808977059820425,0.6586154087173244,0.6800224961509768
Stacking (random CV)|PCA|default,0.6733137116802056,0.586167159358778,0.7872044063163047,0.6606253131012525,0.6842715080575142
Stacking (batch CV)|raw|default,0.5399312211924896,0.4163459243137438,0.6394187331397527,0.5247987707110491,0.5528775221983903
Random Forest|raw|sel-stable,0.6389836414396902,0.5627254545286328,0.7161295088059986,0.6225236839229785,0.652124122155977
Majority class|raw|default,0.0547742812253242,0.0414614071007673,0.06946679522736285,0.05070254913407308,0.058462366729523034
