family,comparison,diff,ci2_lo,ci2_hi,ci1_lo,ci1_hi,A>B,p,McNemar p,verdict,p (Holm)
1 default models (P1),SVM vs kNN,0.08084827194006283,0.021016453432532434,0.13938447299348625,0.06828561630342982,0.09572648779147303,6/7,0.078125,3.065444375500545e-13,clear,1.0
1 default models (P1),SVM vs Random Forest,0.17185498737147048,0.08781631820586118,0.25947649375855536,0.1575165039523497,0.18612487840115716,7/7,0.015625,6.325006971433523e-109,clear,0.53125
1 default models (P1),SVM vs Gradient Boosting,0.19425924157276922,0.1000425612357535,0.30761105419345675,0.18123731623317027,0.20903450450933636,7/7,0.015625,7.480162144859302e-149,clear,0.53125
1 default models (P1),SVM vs AdaBoost,0.20113017225056426,0.1394172615920338,0.27454148330095496,0.18722368261526834,0.21702414322946573,7/7,0.015625,0.0,clear,0.53125
1 default models (P1),SVM vs Naive Bayes,0.2280797609299065,0.12148198658395531,0.35297447238639235,0.21540594613876693,0.2424863513958242,7/7,0.015625,6.60809055929909e-201,clear,0.53125
1 default models (P1),SVM vs Decision Tree,0.28105970809310726,0.1775491926418271,0.3810391723215484,0.2679129614181702,0.29679228209043235,7/7,0.015625,0.0,clear,0.53125
2 tuning (P1),SVM raw: tuned vs default,-0.01923662995858907,-0.07315459412292084,0.020128842909016082,-0.028026287917480325,-0.011286566518335905,4/7,0.9375,1.0,suggestive,1.0
2 tuning (P1),AdaBoost raw: tuned vs default,0.0391776479706709,-0.06007817414550226,0.12838492492113374,0.023349164491072983,0.05562009126650476,4/7,0.46875,7.837957255956074e-123,suggestive,1.0
3 stacking (P1),Stacking (batch CV) vs SVM,-0.14957987108174994,-0.23847076634973663,-0.0535411687026901,-0.1651313090650356,-0.13583886521609437,1/7,0.046875,1.8085012693294863e-48,clear,1.0
3 stacking (P1),"Stacking (random CV, PCA) vs SVM",-0.016197380594033774,-0.08637524305018567,0.04775614560110256,-0.02899406818841458,-0.004459855875519414,3/7,0.8125,0.004899210191387924,suggestive,1.0
3 stacking (P1),Stacking: batch CV vs random CV,-0.09988205633114924,-0.17902840984571017,-0.019404994488270377,-0.11261310217208095,-0.08805345742273618,1/7,0.078125,6.348401618321308e-36,clear,1.0
4 feature selection (P1),SVM: stable half vs all features,-0.006271032691283215,-0.10036588085202716,0.10272496945870759,-0.019666075766938625,0.005455384275886116,4/7,0.9375,2.828888786428124e-10,inconclusive,1.0
4 feature selection (P1),SVM: discriminative half vs all features,-0.10519353070856116,-0.19571817987208048,-0.029023466620440013,-0.11569653786987662,-0.09621268820527619,0/7,0.015625,1.3963242314059392e-11,clear,0.53125
4 feature selection (P1),Random Forest: stable half vs all features,0.12132753653692117,-0.001876439739670891,0.25623079517867703,0.10617286258237545,0.13596377377559524,5/7,0.15625,2.219577048939948e-52,suggestive,1.0
4 feature selection (P1),Random Forest: discriminative half vs all features,-0.06120189113050474,-0.1305572198803048,-0.004502356953964283,-0.07068953960255965,-0.050923829076088806,2/7,0.15625,1.0760087870756418e-11,clear,1.0
4 feature selection (P1),kNN: stable half vs all features,-0.016098530851226065,-0.11848866229479064,0.08421485495691511,-0.02993733940667759,-0.001167438338030774,3/7,0.8125,9.926879612859961e-20,suggestive,1.0
4 feature selection (P1),kNN: discriminative half vs all features,-0.028233721605945776,-0.1000593330971401,0.0329997568166157,-0.03932095671806117,-0.017125407382889653,2/7,0.578125,0.07776855952702148,suggestive,1.0
5 label-free mitigation (P1),SVM: batch-std vs plain,-0.03031919336637638,-0.11056527723881526,0.04371016948823341,-0.042388503577725035,-0.019417535792950157,4/7,0.6875,5.5266247512944566e-70,suggestive,1.0
5 label-free mitigation (P1),SVM: coral vs plain,-0.16484676534094891,-0.300589519499961,-0.05373170542446798,-0.1768560217440385,-0.15414277907521254,0/7,0.015625,7.17272233085013e-59,clear,0.53125
5 label-free mitigation (P1),Random Forest: batch-std vs plain,0.041537604577508894,-0.03444758297709744,0.13149866731040827,0.025169782168600274,0.05768104060913602,4/7,0.578125,5.3736914312973266e-27,suggestive,1.0
5 label-free mitigation (P1),Random Forest: coral vs plain,-0.09171960571310651,-0.1629160332999509,-0.02579158691544707,-0.10291658246627047,-0.0802922068052167,1/7,0.046875,1.9578032829179527e-57,clear,1.0
"6 rolling mitigation (P3, SVM)",SVM: window-1 vs retrain on all,-0.14580345427240715,-0.2460061276503016,-0.06238480502154575,-0.15613546635984568,-0.13650261582007836,1/9,0.015625,0.0,clear,0.53125
"6 rolling mitigation (P3, SVM)",SVM: window-2 vs retrain on all,-0.08008400494910872,-0.17640325110709043,-0.00882220017149165,-0.08473281773449591,-0.07565934076119489,1/9,0.078125,0.0,clear,1.0
"6 rolling mitigation (P3, SVM)",SVM: window-3 vs retrain on all,-0.01576821746292081,-0.038260354630352565,-4.619813801497759e-05,-0.02006801803535536,-0.011902228759713019,1/9,0.09375,2.4558802820026942e-20,clear,1.0
"6 rolling mitigation (P3, SVM)",SVM: recency-h1 vs retrain on all,-0.02016267126321473,-0.04143622316403524,-0.003450315079186532,-0.026441185081246026,-0.014299037249861486,2/9,0.078125,1.0456909837270285e-09,clear,1.0
"6 rolling mitigation (P3, SVM)",SVM: recency-h2 vs retrain on all,-0.012038403499958784,-0.03353888278063974,0.0042637659693429645,-0.017655735359131366,-0.006807947868290811,4/9,0.4609375,1.181354302855633e-09,suggestive,1.0
"6 rolling mitigation (P3, SVM)",SVM: batch-std vs retrain on all,-0.06465970011605097,-0.12301145456203834,-0.022582499967973416,-0.07553193294105526,-0.05420674308284329,1/9,0.01171875,1.0783569420501796e-14,clear,0.41015625
"6 rolling mitigation (P3, SVM)",SVM: coral vs retrain on all,-0.18258981017378575,-0.3176279522127212,-0.0674733283403621,-0.1936715875749453,-0.1709433375348571,1/9,0.0078125,8.57588310066098e-276,clear,0.28125
"6 rolling mitigation (P3, SVM)",SVM: window-2 + batch-std vs retrain on all,-0.10243635956512745,-0.20636633037863297,-0.005946029430648915,-0.11306007641968463,-0.09177085406023876,2/9,0.07421875,1.2422257438007162e-270,clear,1.0
"6 rolling mitigation (P3, Random Forest)",Random Forest: window-1 vs retrain on all,-0.09862695189117966,-0.18456861393310803,-0.02405686926486434,-0.11162850026164646,-0.08709243293731837,1/9,0.0390625,4.590509635993933e-267,clear,0.9765625
"6 rolling mitigation (P3, Random Forest)",Random Forest: window-2 vs retrain on all,-0.0763263415820607,-0.1330417950643604,-0.021425455485110156,-0.08615626766546199,-0.0673851708042559,2/9,0.078125,5.378297684228481e-145,clear,1.0
"6 rolling mitigation (P3, Random Forest)",Random Forest: window-3 vs retrain on all,-0.027372526294672808,-0.0791347115259766,0.02253073942543026,-0.035574209555118065,-0.019329526480728436,2/9,0.3125,5.542232519909703e-23,suggestive,1.0
"6 rolling mitigation (P3, Random Forest)",Random Forest: recency-h1 vs retrain on all,-0.01835518097404904,-0.06767512873968107,0.016064948930970793,-0.025501943199533764,-0.011162902912510025,3/9,1.0,0.0013067196412174726,suggestive,1.0
"6 rolling mitigation (P3, Random Forest)",Random Forest: recency-h2 vs retrain on all,-0.018117351192351423,-0.060709959947982034,0.009505978146705792,-0.025376977289975074,-0.011378586062719747,3/9,0.640625,0.6490145782199941,suggestive,1.0
"6 rolling mitigation (P3, Random Forest)",Random Forest: batch-std vs retrain on all,-0.12178190732684631,-0.21140337512380267,-0.03547433469559859,-0.1367161006063533,-0.10623663478294922,1/9,0.02734375,1.80609618886116e-43,clear,0.7109375
"6 rolling mitigation (P3, Random Forest)",Random Forest: coral vs retrain on all,-0.26047893636258773,-0.4495782336009238,-0.11371548079248893,-0.27215502329977154,-0.24897864090630528,0/9,0.00390625,7.070087064585974e-232,clear,0.14453125
"6 rolling mitigation (P3, Random Forest)",Random Forest: window-2 + batch-std vs retrain on all,-0.15184676696531377,-0.24008700805238922,-0.06150525502845221,-0.16517132148742628,-0.1363809999996504,2/9,0.0390625,2.9950894916748815e-205,clear,0.9765625
