model,arm,n,toluene_recall,tr_lo,tr_hi,macro_f1,mf_lo,mf_hi,macro_f1_gases1to5,toluene_in_train
Random Forest,random,0,0.0,0.0,0.0,0.36736268723607857,0.36736268723607857,0.36736268723607857,0.4408352246832942,79.0
Random Forest,random,5,0.0,0.0,0.0,0.39801061237873736,0.3765949693049147,0.41864113450768436,0.47761273485448485,79.8
Random Forest,random,10,0.001504694835680745,0.0,0.00625,0.3947317888577587,0.35349168117255614,0.4581068535369724,0.47309032839881554,81.2
Random Forest,random,25,0.012640845070422516,0.000833333333333325,0.056349765258215945,0.43233027845235084,0.405553250047512,0.4598422321262121,0.5143500317734538,82.8
Random Forest,random,50,0.031528951486697945,0.0033568075117370497,0.08336658841940531,0.437480643910506,0.39130452864541837,0.4669343014161321,0.5139638208182201,88.2
Random Forest,random,100,0.07571870109546165,0.023544600938967125,0.18568857589984347,0.45324092069963395,0.43097126003385355,0.47704708874511426,0.5194873778613284,100.0
Random Forest,random,200,0.08704082415283779,0.021784037558685423,0.1426701877934272,0.4739713805645689,0.4393179178663631,0.5095839231748192,0.5409817889380153,121.2
Random Forest,random,467,0.1305805946791862,0.09355046948356804,0.16391236306729262,0.5145160388929007,0.4957146022083868,0.536235149462352,0.5777943150214,172.6
Random Forest,toluene,0,0.0,0.0,0.0,0.36736268723607857,0.36736268723607857,0.36736268723607857,0.4408352246832942,79.0
Random Forest,toluene,5,0.014407276995305146,0.00421361502347415,0.0370950704225352,0.4026435606786736,0.3778734286755628,0.41866437958987396,0.47778040700508406,84.0
Random Forest,toluene,10,0.058727308294209676,0.03543427230046945,0.11020344287949918,0.4227859427422443,0.4025889456932141,0.44019483036287627,0.48773603120929093,89.0
Random Forest,toluene,25,0.12218818466353676,0.09373826291079809,0.16493544600938967,0.36642554692181784,0.3264715317248313,0.4050616251690692,0.4087124349694621,104.0
Random Forest,toluene,50,0.17431979113404295,0.12572446505213897,0.21024068780117444,0.3988817841415117,0.38229925054764535,0.422821427584987,0.43708710426240477,129.0
Random Forest,toluene,100,0.25615353119819023,0.23463223787167448,0.2737467655216225,0.3713661319587597,0.3578364983924304,0.3825629393949613,0.39847712915337574,179.0
Random Forest,toluene,200,0.31542885697020406,0.28990805946791864,0.3407544856598336,0.34523994030015837,0.3246057327192825,0.3815747642542658,0.36119897962463055,279.0
Random Forest,toluene,467,0.35569697779637116,0.3392848703884473,0.3701586831218333,0.3607317862443503,0.3392870329208782,0.38123267800878646,0.3776517833932047,546.0
SVM,random,0,0.0,0.0,0.0,0.5865192565381042,0.5865192565381042,0.5865192565381042,0.7038231078457251,79.0
SVM,random,5,0.0,0.0,0.0,0.5910841391452168,0.5852146082898411,0.597211652348013,0.7093009669742601,79.8
SVM,random,10,0.0,0.0,0.0,0.594435559512153,0.5894600772018195,0.5970286137839009,0.7133226714145835,81.2
SVM,random,25,0.0,0.0,0.0,0.6058787714689673,0.592584942723996,0.6145663599604244,0.7270545257627608,82.8
SVM,random,50,0.0,0.0,0.0,0.611001184297852,0.6033218308466327,0.6152959210323304,0.7332014211574224,88.2
SVM,random,100,0.08661071987480437,0.0,0.22609350547730828,0.6306063609831005,0.6153371653395071,0.657712353358426,0.7363575024801333,100.0
SVM,random,200,0.21734937402190918,0.1840727699530516,0.2479362284820031,0.6686479589322074,0.6527503830777143,0.6796359316120527,0.7478549902047514,121.2
SVM,random,467,0.2495352112676056,0.22684076682316118,0.26085289514866977,0.6787902420193459,0.6749160587125803,0.6836776878510955,0.7514003856588676,172.6
SVM,toluene,0,0.0,0.0,0.0,0.5865192565381042,0.5865192565381042,0.5865192565381042,0.7038231078457251,79.0
SVM,toluene,5,0.0,0.0,0.0,0.5864544761156717,0.5863891853416425,0.5864929531708384,0.7037453713388061,84.0
SVM,toluene,10,0.0,0.0,0.0,0.5858028719921906,0.584407398089669,0.5862611934535349,0.7029634463906287,89.0
SVM,toluene,25,0.1963051643192488,0.18526604068857588,0.2116138497652582,0.5869538222181968,0.5758288354400574,0.5987067381459353,0.6736305355245163,104.0
SVM,toluene,50,0.25150430359937404,0.24582942097026603,0.25546557120500785,0.5630858539917537,0.5540270757122489,0.5703111069278616,0.6421419435741231,129.0
SVM,toluene,100,0.3490113458528951,0.3026975743348983,0.41144366197183097,0.5697541667824694,0.5620318572777778,0.5781731560425571,0.6428451712128336,179.0
SVM,toluene,200,0.5336277250964533,0.511283255086072,0.5792724554145555,0.5762091532712612,0.5708818296340878,0.5835168836241076,0.6387460840953644,279.0
SVM,toluene,467,0.7236523652365237,0.7236523652365237,0.7236523652365237,0.5953174687309736,0.5953174687309736,0.5953174687309736,0.6401177120440616,546.0
kNN,random,0,0.0,0.0,0.0,0.5306134410101014,0.5306134410101014,0.5306134410101014,0.6367361292121217,79.0
kNN,random,5,0.001496478873239435,0.0,0.007482394366197175,0.540681676080304,0.5305732523238583,0.5716062084939522,0.6482550973890799,79.8
kNN,random,10,0.01643661971830986,0.0,0.08218309859154929,0.5385661466835997,0.51840968412068,0.5691959134970279,0.6421645011732996,81.2
kNN,random,25,0.05712793427230045,0.0,0.10232981220657275,0.5515832837595344,0.5320425302891886,0.5728507651380207,0.6477191930173007,82.8
kNN,random,50,0.10936971830985916,0.10348591549295774,0.11919014084507043,0.5833134284202365,0.5428923690843478,0.6036517826585498,0.6740313497243782,88.2
kNN,random,100,0.2609037713630518,0.14336854460093895,0.4070644494026867,0.6199282815488775,0.6099426007700113,0.6494879938944425,0.7026601843236657,100.0
kNN,random,200,0.41998659337764754,0.37318729760299973,0.4649713351616852,0.6268877770226704,0.611591347461321,0.6600959811379876,0.6941502013743606,121.2
kNN,random,467,0.48433762531182695,0.42891890949658346,0.6133520816870419,0.5995077402433334,0.5912959723818249,0.6091446293161672,0.6550788060625837,172.6
kNN,toluene,0,0.0,0.0,0.0,0.5306134410101014,0.5306134410101014,0.5306134410101014,0.6367361292121217,79.0
kNN,toluene,5,0.10961619718309859,0.10448356807511736,0.11444248826291079,0.5134669818738657,0.5121362544514302,0.5153390204138804,0.5901871687205666,84.0
kNN,toluene,10,0.12362910798122065,0.11747652582159623,0.14395539906103286,0.5132292520373645,0.511683981359305,0.5142464242438072,0.5883853225634643,89.0
kNN,toluene,25,0.3118313926463069,0.15940140845070422,0.413705685709416,0.5297310618010196,0.5128423455326865,0.5428426548519574,0.5940634754380086,104.0
kNN,toluene,50,0.4367283774152063,0.4175026340662235,0.4817671098095725,0.539631344909464,0.5353581508089573,0.5461972146716962,0.5984658961430294,129.0
kNN,toluene,100,0.49496429290816407,0.4729486434558949,0.5197424619222486,0.5322887364884891,0.5290407416821438,0.5364020713413729,0.5880134506924527,179.0
kNN,toluene,200,0.5610202397000263,0.5239560769457228,0.604280803080308,0.5108144841702201,0.4998028294309582,0.5223954369106008,0.5613179983964448,279.0
kNN,toluene,467,0.7364356435643564,0.7364356435643564,0.7364356435643564,0.5004613133923705,0.5004613133923705,0.5004613133923705,0.5340731353519775,546.0
