protocol,model,macro_F1,macro_F1_gases1to5,toluene_recall,toluene_F1
P1,SVM,0.5865192565381042,0.703823107845725,0.0,0.0
P1,kNN,0.5306134410101014,0.6367361292121217,0.0,0.0
P1,Random Forest,0.36736268723607857,0.44083522468329434,0.0,0.0
P1,Gradient Boosting,0.3280201906680576,0.39345921230001896,0.000777000777000777,0.0008250825082508251
P1,AdaBoost,0.3325651035855837,0.39907812430270045,0.0,0.0
P1,Naive Bayes,0.27985779794653776,0.32661883122005586,0.05439005439005439,0.046052631578947366
P1,Decision Tree,0.24145350332588045,0.2897442039910565,0.0,0.0
P3,SVM,0.7892638972364334,0.8315581641393452,0.745920745920746,0.5777925627218737
P3,kNN,0.8050434084578346,0.8164604371866824,0.7443667443667443,0.7479582648135956
P3,Random Forest,0.7454021451384096,0.773114480017677,0.6021756021756022,0.6068404707420726
P3,Gradient Boosting,0.672996680015157,0.7029443951401045,0.5804195804195804,0.5232581043904194
P3,AdaBoost,0.5066921566500735,0.5717618236451141,0.34265734265734266,0.18134382167487048
P3,Naive Bayes,0.2829199462383271,0.276458345238926,0.6526806526806527,0.31522795123533287
P3,Decision Tree,0.5927561342463594,0.6438153203845228,0.3885003885003885,0.33746020355554174
P4,SVM,0.7200569836835838,0.7554278927290792,0.627039627039627,0.5432024384561082
P4,kNN,0.6848598754807171,0.7387998822632826,0.5866355866355867,0.41515984156788943
P4,Random Forest,0.548034050653328,0.6050158670033177,0.35586635586635584,0.26312496890337955
P4,Gradient Boosting,0.5762583447319546,0.5890840434721105,0.5858585858585859,0.512129851031175
P4,AdaBoost,0.4950797796190239,0.5550578168925321,0.23853923853923853,0.19518959325148252
P4,Naive Bayes,0.2561399092801572,0.24920613401408503,0.6091686091686092,0.29080878561051776
P4,Decision Tree,0.5250806827096199,0.5823625982826878,0.2836052836052836,0.2386711048442805
